-- phpMyAdmin SQL Dump
-- version 4.0.10.7
-- http://www.phpmyadmin.net
--
-- Host: localhost
-- Generation Time: Jan 13, 2015 at 06:15 AM
-- Server version: 5.6.22
-- PHP Version: 5.4.23

SET SQL_MODE = "NO_AUTO_VALUE_ON_ZERO";
SET time_zone = "+00:00";


/*!40101 SET @OLD_CHARACTER_SET_CLIENT=@@CHARACTER_SET_CLIENT */;
/*!40101 SET @OLD_CHARACTER_SET_RESULTS=@@CHARACTER_SET_RESULTS */;
/*!40101 SET @OLD_COLLATION_CONNECTION=@@COLLATION_CONNECTION */;
/*!40101 SET NAMES utf8 */;

--
-- Database: `teamonea_crm`
--

-- --------------------------------------------------------

--
-- Table structure for table `ac_location`
--

CREATE TABLE IF NOT EXISTS `ac_location` (
  `ac_location_id` int(11) NOT NULL AUTO_INCREMENT,
  `location` varchar(50) NOT NULL,
  PRIMARY KEY (`ac_location_id`)
) ENGINE=InnoDB  DEFAULT CHARSET=latin1 AUTO_INCREMENT=38 ;

--
-- Dumping data for table `ac_location`
--

INSERT INTO `ac_location` (`ac_location_id`, `location`) VALUES
(4, 'Reception'),
(6, 'Conference Room'),
(7, 'Master Bedroom'),
(8, 'Guest Bedroom'),
(9, 'Kids Bedroom'),
(10, 'Living Room'),
(11, 'Dining Room'),
(13, 'Bathroom'),
(14, 'Lobby Area'),
(15, 'Passage Area'),
(16, 'Director Cabin'),
(17, 'Pantry'),
(18, 'Powder Room'),
(19, 'Walk in closet area'),
(21, 'Kitchen'),
(22, 'Accounts Department'),
(23, 'Hall'),
(24, 'Workshop'),
(25, 'Office'),
(26, 'Bedroom'),
(27, 'Study Room'),
(28, 'Showroom'),
(29, 'Account Dept.'),
(30, 'IT Department'),
(31, 'H.R. Department.'),
(32, 'Staff Area'),
(33, 'Boss Cabin'),
(34, 'Marketing Department'),
(35, 'Counter Area'),
(36, 'Opposite Cabin'),
(37, 'Last Cabin');

-- --------------------------------------------------------

--
-- Table structure for table `ac_make`
--

CREATE TABLE IF NOT EXISTS `ac_make` (
  `make_id` int(3) NOT NULL AUTO_INCREMENT,
  `make` varchar(50) NOT NULL,
  PRIMARY KEY (`make_id`)
) ENGINE=InnoDB  DEFAULT CHARSET=latin1 AUTO_INCREMENT=32 ;

--
-- Dumping data for table `ac_make`
--

INSERT INTO `ac_make` (`make_id`, `make`) VALUES
(1, 'Onida'),
(2, 'Videocon'),
(3, 'Samsung'),
(4, 'BlueStar'),
(5, 'Daikin'),
(6, 'LG'),
(7, 'Mitsubishi Heavy'),
(8, 'Mitsubishi Electric'),
(9, 'Hitachi'),
(10, 'Voltas'),
(11, 'Ogeneral'),
(12, 'Panasonic'),
(13, 'Llyod'),
(14, 'Napolean'),
(15, 'Cruise'),
(16, 'Train'),
(17, 'Electrolux'),
(18, 'IFB'),
(20, 'Westinghouse'),
(21, 'National'),
(23, 'TCL'),
(24, 'Whirlpool'),
(25, 'Hyundai'),
(26, 'Vestar'),
(27, 'Toshiba'),
(28, 'Carrier'),
(29, 'Assemble'),
(30, 'Kelvinator'),
(31, 'L.G. Gold');

-- --------------------------------------------------------

--
-- Table structure for table `ac_tonnage`
--

CREATE TABLE IF NOT EXISTS `ac_tonnage` (
  `tonnage_id` int(2) NOT NULL AUTO_INCREMENT,
  `tonnage` float NOT NULL,
  PRIMARY KEY (`tonnage_id`)
) ENGINE=InnoDB  DEFAULT CHARSET=latin1 AUTO_INCREMENT=22 ;

--
-- Dumping data for table `ac_tonnage`
--

INSERT INTO `ac_tonnage` (`tonnage_id`, `tonnage`) VALUES
(2, 1),
(3, 1.5),
(5, 3),
(6, 2.5),
(7, 3.5),
(8, 0.5),
(9, 0.75),
(10, 0.8),
(11, 1.1),
(12, 1.2),
(13, 1.8),
(14, 2.2),
(15, 4),
(16, 5),
(17, 7.5),
(19, 2),
(20, 1.6),
(21, 2.1);

-- --------------------------------------------------------

--
-- Table structure for table `ac_type`
--

CREATE TABLE IF NOT EXISTS `ac_type` (
  `ac_type_id` int(11) NOT NULL AUTO_INCREMENT,
  `ac_type` varchar(20) NOT NULL,
  PRIMARY KEY (`ac_type_id`)
) ENGINE=InnoDB  DEFAULT CHARSET=latin1 AUTO_INCREMENT=7 ;

--
-- Dumping data for table `ac_type`
--

INSERT INTO `ac_type` (`ac_type_id`, `ac_type`) VALUES
(1, 'Split'),
(2, 'Window'),
(3, 'Ducted'),
(4, 'VRF'),
(5, 'Cassette'),
(6, 'Kelvinator');

-- --------------------------------------------------------

--
-- Table structure for table `amc`
--

CREATE TABLE IF NOT EXISTS `amc` (
  `amc_id` int(11) NOT NULL AUTO_INCREMENT,
  `amc_type` enum('s','c','n') NOT NULL COMMENT 's-semi comprehensive,c-compre.., n-non compre..',
  `cust_id` int(11) NOT NULL,
  `ac_id` int(11) NOT NULL,
  `no_of_service` int(11) NOT NULL,
  `dry` int(11) NOT NULL,
  `wet` int(11) NOT NULL,
  `remarks` mediumtext NOT NULL,
  `activation` date NOT NULL,
  `expiration` date NOT NULL,
  `transaction_id` int(11) NOT NULL,
  `created_on` timestamp NOT NULL DEFAULT CURRENT_TIMESTAMP ON UPDATE CURRENT_TIMESTAMP,
  PRIMARY KEY (`amc_id`),
  KEY `transaction_id` (`transaction_id`),
  KEY `ac_id` (`ac_id`)
) ENGINE=InnoDB  DEFAULT CHARSET=latin1 AUTO_INCREMENT=153 ;

--
-- Dumping data for table `amc`
--

INSERT INTO `amc` (`amc_id`, `amc_type`, `cust_id`, `ac_id`, `no_of_service`, `dry`, `wet`, `remarks`, `activation`, `expiration`, `transaction_id`, `created_on`) VALUES
(14, 'n', 279, 140, 4, 3, 1, '', '2014-12-25', '2015-12-24', 0, '2014-12-25 08:34:41'),
(15, 'n', 279, 141, 4, 3, 1, '', '2014-12-25', '2015-12-24', 0, '2014-12-25 08:36:05'),
(16, 'n', 279, 142, 4, 3, 1, '', '2014-12-25', '2015-12-24', 0, '2014-12-25 08:36:25'),
(18, 'n', 287, 183, 4, 3, 1, 'AMC Customer', '2014-12-31', '2015-12-30', 0, '2015-01-02 10:29:43'),
(19, 'n', 176, 194, 3, 3, 0, 'Amc done.', '2014-04-01', '2015-03-31', 0, '2015-01-05 09:16:46'),
(20, 'n', 176, 195, 3, 3, 0, 'amc customer', '2014-04-01', '2015-03-31', 0, '2015-01-05 09:31:50'),
(21, 'n', 176, 196, 3, 3, 0, 'Amc customer', '2014-04-01', '2015-03-31', 0, '2015-01-05 09:32:36'),
(22, 'n', 176, 197, 3, 3, 0, 'Amc customer', '2014-04-01', '2015-03-31', 0, '2015-01-05 09:33:21'),
(23, 'n', 116, 198, 4, 3, 1, 'Amc customer.', '2014-09-20', '2015-09-19', 0, '2015-01-05 09:40:14'),
(24, 'n', 275, 199, 3, 3, 0, '3 Dry service.', '2014-12-04', '2015-12-03', 0, '2015-01-05 10:10:23'),
(25, 'n', 275, 200, 3, 3, 0, '3 Dry service.', '2014-12-04', '2015-12-03', 0, '2015-01-05 10:14:17'),
(26, 'n', 275, 201, 3, 3, 0, '3 Dry service.', '2014-12-04', '2015-12-03', 0, '2015-01-05 10:14:45'),
(27, 'n', 275, 202, 3, 3, 0, '3 Dry service.', '2014-12-04', '2015-12-03', 0, '2015-01-05 10:15:07'),
(28, 'n', 275, 203, 3, 3, 0, '3 Dry service.', '2014-12-04', '2015-12-03', 0, '2015-01-05 10:16:13'),
(29, 'n', 143, 204, 3, 3, 0, '3 Dry service.', '2014-07-11', '2015-07-10', 0, '2015-01-05 10:45:02'),
(30, 'n', 143, 205, 3, 3, 0, '3 Dry service.\n', '2014-07-11', '2015-07-10', 0, '2015-01-05 10:46:20'),
(31, 'n', 143, 206, 3, 3, 0, '3 Dry service', '2014-07-11', '2015-07-10', 0, '2015-01-05 10:46:52'),
(32, 'n', 143, 208, 3, 3, 0, '3 Dry service.', '2014-07-11', '2015-07-10', 0, '2015-01-05 10:52:38'),
(35, 'n', 249, 226, 3, 3, 0, 'Amc customer.', '2014-10-08', '2015-10-07', 0, '2015-01-07 07:30:30'),
(45, 's', 72, 232, 7, 5, 2, '', '2015-01-27', '2016-01-26', 0, '2015-01-07 10:05:15'),
(51, 'n', 193, 147, 3, 3, 0, '3 Dry service.', '2014-08-08', '2015-08-07', 0, '2015-01-07 12:19:59'),
(52, 'n', 112, 225, 3, 3, 0, '3 Dry services', '2014-07-08', '2015-07-07', 0, '2015-01-07 12:30:25'),
(53, 'n', 294, 224, 3, 3, 0, 'Dry service done.', '2014-09-22', '2015-09-21', 0, '2015-01-07 12:53:33'),
(58, 'n', 81, 222, 3, 3, 0, '3 dry services.', '2014-12-31', '2015-12-30', 0, '2015-01-07 13:36:47'),
(59, 'n', 107, 228, 4, 3, 1, '', '2014-08-16', '2015-08-15', 0, '2015-01-08 06:14:00'),
(61, 'n', 251, 272, 4, 3, 1, '3 Dry Services.\n1 Wet service.', '2014-07-21', '2015-07-20', 0, '2015-01-08 06:17:37'),
(62, 'n', 251, 273, 4, 3, 1, '3 dry services.\n1 wet service', '2014-07-21', '2015-07-20', 0, '2015-01-08 06:23:52'),
(63, 'n', 251, 274, 4, 3, 1, '3 dry services\n1 wet service', '2014-07-21', '2015-07-20', 0, '2015-01-08 06:46:54'),
(64, 'n', 107, 229, 4, 3, 1, '3 Dry services.\n1 wet service', '2014-08-16', '2015-08-15', 0, '2015-01-08 07:09:12'),
(65, 'n', 107, 230, 4, 3, 1, '3 Dry services\n1 wet service', '2014-08-16', '2015-08-15', 0, '2015-01-08 07:10:21'),
(67, 'n', 195, 227, 3, 3, 0, '3 dry services', '2014-10-08', '2015-10-07', 0, '2015-01-08 07:21:22'),
(69, 'n', 90, 233, 3, 3, 0, '3 Dry services', '2014-10-16', '2015-10-15', 0, '2015-01-08 07:25:32'),
(73, 'n', 205, 234, 4, 3, 1, '3 dry services\n1 wet service', '2014-04-16', '2015-04-15', 0, '2015-01-08 07:33:59'),
(74, 'n', 205, 235, 4, 3, 1, '3 dry services\n1 wet service', '2014-04-16', '2015-04-15', 0, '2015-01-08 07:34:34'),
(75, 'n', 205, 236, 4, 3, 1, '3 dry services\n1 wet service', '2014-04-16', '2015-04-15', 0, '2015-01-08 07:35:03'),
(76, 'n', 194, 237, 3, 3, 0, '3 dry services', '2014-08-06', '2015-08-05', 0, '2015-01-08 07:53:58'),
(77, 'n', 87, 238, 3, 3, 0, '3 Dry services.', '2014-08-18', '2015-08-17', 0, '2015-01-08 07:57:45'),
(78, 'n', 270, 240, 4, 3, 1, '3 Dry services\n1 wet service.', '2014-08-23', '2015-08-22', 0, '2015-01-08 08:02:58'),
(79, 'n', 106, 241, 4, 3, 1, '3 Dry services\n1 Wet service', '2014-07-23', '2015-07-22', 0, '2015-01-08 08:08:02'),
(80, 'n', 106, 242, 4, 3, 1, '3 Dry services\n1 Wet service', '2014-07-23', '2015-07-22', 0, '2015-01-08 08:08:33'),
(81, 'n', 106, 243, 4, 3, 1, '3 Dry services\n1 Wet service', '2014-07-23', '2015-07-22', 0, '2015-01-08 08:09:03'),
(83, 'n', 185, 244, 3, 3, 0, '3 dry services', '2014-08-06', '2015-08-05', 0, '2015-01-08 08:19:30'),
(85, 'n', 185, 246, 3, 3, 0, '3 dry services', '2014-08-06', '2015-08-05', 0, '2015-01-08 08:20:40'),
(86, 'n', 111, 247, 4, 3, 1, '3 dry services\n1 wet service', '2014-10-28', '2015-10-27', 0, '2015-01-08 08:31:39'),
(87, 'n', 111, 249, 4, 3, 1, '3 dry services\n1 wet service', '2014-10-28', '2015-10-27', 0, '2015-01-08 08:32:22'),
(88, 'n', 111, 250, 4, 3, 1, '3 dry services\n1 wet service', '2014-10-28', '2015-10-27', 0, '2015-01-08 08:32:58'),
(89, 'n', 111, 251, 4, 3, 1, '3 dry services\n1 wet service', '2014-10-28', '2015-10-27', 0, '2015-01-08 08:33:38'),
(93, 'n', 196, 275, 4, 3, 1, '3 Dry services\n1 wet service.', '2014-05-08', '2015-05-07', 0, '2015-01-08 09:25:02'),
(94, 'n', 196, 276, 4, 3, 1, '3 Dry services\n1 Service', '2014-05-08', '2015-05-07', 0, '2015-01-08 09:26:03'),
(95, 'n', 196, 277, 4, 3, 1, '3 Dry services\n1 Service', '2014-05-08', '2015-05-07', 0, '2015-01-08 09:26:39'),
(96, 'n', 154, 258, 4, 3, 1, '3 dry services\n1 wet service', '2014-05-20', '2015-05-19', 0, '2015-01-08 09:34:24'),
(97, 'n', 88, 259, 3, 3, 0, '3 Dry services.', '2014-08-18', '2015-08-17', 0, '2015-01-08 09:39:24'),
(98, 'n', 150, 260, 4, 3, 1, '3 Dry service\n1 wet service', '2014-05-02', '2015-05-01', 0, '2015-01-08 09:47:54'),
(99, 'n', 150, 261, 4, 3, 1, '3 Dry service\n1 wet service', '2014-05-02', '2015-05-01', 0, '2015-01-08 09:48:48'),
(100, 'n', 150, 262, 4, 3, 1, '3 Dry service\n1 wet service', '2014-05-02', '2015-05-01', 0, '2015-01-08 09:49:27'),
(101, 'n', 150, 263, 4, 3, 1, '3 Dry service\n1 wet service', '2014-05-02', '2015-05-01', 0, '2015-01-08 09:50:33'),
(102, 'n', 150, 264, 4, 3, 1, '3 Dry service\n1 wet service', '2014-05-02', '2015-05-01', 0, '2015-01-08 09:51:03'),
(103, 'n', 212, 265, 4, 3, 1, '3 Dry Services\n1 Wet Service', '2014-12-27', '2015-12-26', 0, '2015-01-08 10:50:16'),
(104, 'n', 109, 266, 4, 3, 1, '3 Dry services\n1 wet service', '2014-08-16', '2015-08-15', 0, '2015-01-08 10:58:34'),
(105, 'n', 109, 267, 4, 3, 1, '3 Dry services\n1 wet service', '2014-08-16', '2015-08-15', 0, '2015-01-08 10:59:11'),
(106, 'n', 109, 268, 4, 3, 1, '3 Dry services\n1 wet service', '2014-08-16', '2015-08-15', 0, '2015-01-08 10:59:56'),
(107, 'n', 109, 269, 4, 3, 1, '3 Dry services\n1 wet service', '2014-08-16', '2015-08-15', 0, '2015-01-08 11:00:35'),
(108, 'n', 216, 215, 4, 3, 1, '3 Dry service \n1 wet service', '2014-05-31', '2015-05-30', 0, '2015-01-08 11:09:02'),
(109, 'n', 216, 216, 4, 3, 1, '3 dry service\n1 wet service', '2014-05-31', '2015-05-30', 0, '2015-01-08 11:09:49'),
(110, 'n', 245, 217, 4, 3, 1, '3 dry services\n1 wet service', '2014-11-17', '2015-11-16', 0, '2015-01-08 11:17:31'),
(111, 'n', 245, 218, 4, 3, 1, '3 dry services\n1 wet service', '2014-11-17', '2015-11-16', 0, '2015-01-08 11:18:05'),
(112, 'n', 201, 278, 4, 3, 1, '3 Dry services\n1 Wet service', '2014-03-12', '2015-03-11', 0, '2015-01-08 11:30:51'),
(114, 'n', 218, 221, 4, 3, 1, '3 dry services\n1 wet service', '2014-08-22', '2015-08-21', 0, '2015-01-08 11:42:47'),
(115, 'n', 269, 279, 4, 3, 1, '3 dry Services\n1 wet service', '2014-03-21', '2015-03-20', 0, '2015-01-08 12:51:13'),
(116, 'n', 269, 280, 4, 3, 1, '3 dry Services\n1 wet service', '2014-03-21', '2015-03-20', 0, '2015-01-08 12:51:47'),
(117, 'n', 269, 281, 4, 3, 1, '3 dry Services\n1 wet service', '2014-03-21', '2015-03-20', 0, '2015-01-08 12:52:14'),
(121, 'n', 228, 284, 4, 3, 1, '3 dry service\n1 wet service', '2014-09-23', '2015-09-22', 0, '2015-01-08 13:47:30'),
(122, 'n', 228, 285, 4, 3, 1, '3 dry Service\n1 Wet service', '2014-09-24', '2015-09-23', 0, '2015-01-08 13:49:11'),
(125, 'n', 222, 288, 4, 3, 1, '3 dry services\n1 wet service', '2014-03-10', '2015-03-09', 0, '2015-01-08 14:04:06'),
(126, 'n', 222, 289, 4, 3, 1, '3 dry services\n1 wet service', '2014-03-10', '2015-03-09', 0, '2015-01-08 14:04:38'),
(127, 'n', 185, 293, 3, 3, 0, '3 dry services', '2014-08-06', '2015-08-05', 0, '2015-01-10 09:23:35'),
(128, 'n', 107, 294, 4, 3, 1, '3 dry service\n1 wet service', '2014-08-16', '2015-08-15', 0, '2015-01-10 09:51:53'),
(130, 'n', 240, 310, 2, 1, 1, '', '2015-01-09', '2016-01-08', 0, '2015-01-10 11:31:24'),
(131, 'n', 240, 309, 2, 1, 1, '', '2015-01-09', '2016-01-08', 0, '2015-01-10 11:32:40'),
(132, 'n', 240, 312, 2, 1, 1, '', '2015-01-09', '2016-01-08', 0, '2015-01-10 11:34:55'),
(133, 'n', 240, 314, 2, 1, 1, '', '2015-01-09', '2016-01-08', 0, '2015-01-10 11:36:33'),
(134, 'n', 240, 315, 2, 1, 1, '', '2015-01-09', '2016-01-08', 0, '2015-01-10 11:37:02'),
(135, 'n', 240, 316, 2, 1, 1, '', '2015-01-09', '2016-01-08', 0, '2015-01-10 11:37:21'),
(136, 'n', 240, 317, 2, 1, 1, '', '2015-01-09', '2016-01-08', 0, '2015-01-10 11:37:59'),
(137, 'n', 240, 318, 2, 1, 1, '', '2015-01-09', '2016-01-08', 0, '2015-01-10 11:39:07'),
(138, 'n', 240, 319, 2, 1, 1, '', '2015-01-09', '2016-01-08', 0, '2015-01-10 11:40:04'),
(139, 'n', 240, 321, 2, 1, 1, '', '2015-01-09', '2016-01-08', 0, '2015-01-10 11:40:25'),
(140, 'n', 240, 311, 2, 1, 1, '', '2015-01-09', '2016-01-08', 0, '2015-01-10 11:40:46'),
(141, 'n', 240, 320, 2, 1, 1, '', '2015-01-09', '2016-01-08', 0, '2015-01-10 11:41:09'),
(142, 'n', 164, 120, 4, 3, 1, '', '2014-12-08', '2015-12-07', 0, '2015-01-10 11:58:17'),
(143, 'n', 164, 121, 4, 3, 1, '', '2014-12-08', '2015-12-07', 0, '2015-01-10 11:58:46'),
(144, 'n', 164, 122, 4, 3, 1, '', '2014-12-08', '2015-12-07', 0, '2015-01-10 12:01:08'),
(145, 'n', 164, 123, 4, 3, 1, '', '2015-01-08', '2016-01-07', 0, '2015-01-10 12:19:15'),
(146, 'n', 164, 124, 4, 3, 1, '', '2014-12-08', '2015-12-07', 0, '2015-01-10 12:21:02'),
(147, 'n', 299, 330, 3, 3, 0, '', '2015-01-08', '2016-01-07', 0, '2015-01-12 12:21:14'),
(148, 'n', 299, 331, 3, 3, 0, '', '2015-01-08', '2016-01-07', 0, '2015-01-12 12:21:44'),
(149, 'n', 299, 332, 4, 3, 1, '', '2015-01-08', '2016-01-07', 0, '2015-01-12 12:22:04'),
(151, 'n', 228, 345, 4, 3, 1, '', '2014-09-23', '2015-09-22', 0, '2015-01-13 06:11:18');

-- --------------------------------------------------------

--
-- Table structure for table `amc_service_date`
--

CREATE TABLE IF NOT EXISTS `amc_service_date` (
  `amc_service_id` int(11) NOT NULL AUTO_INCREMENT,
  `cust_id` int(11) NOT NULL,
  `amc_id` int(11) NOT NULL,
  `remarks` text NOT NULL,
  `date` date NOT NULL,
  PRIMARY KEY (`amc_service_id`),
  KEY `cust_id` (`cust_id`),
  KEY `amc_id` (`amc_id`)
) ENGINE=InnoDB  DEFAULT CHARSET=latin1 AUTO_INCREMENT=495 ;

--
-- Dumping data for table `amc_service_date`
--

INSERT INTO `amc_service_date` (`amc_service_id`, `cust_id`, `amc_id`, `remarks`, `date`) VALUES
(46, 279, 14, 'Service Done by Mosin', '2014-12-25'),
(47, 279, 14, 'Service Done by', '2015-03-26'),
(48, 279, 14, 'Service Done by', '2015-06-25'),
(49, 279, 14, 'Service Done by', '2015-09-24'),
(50, 279, 15, 'Service Done by Mosin', '2014-12-25'),
(51, 279, 15, 'Service Done by', '2015-03-26'),
(52, 279, 15, 'Service Done by', '2015-06-25'),
(53, 279, 15, 'Service Done by', '2015-09-24'),
(54, 279, 16, 'Service Done by Mosin', '2014-12-25'),
(55, 279, 16, 'Service Done by', '2015-03-26'),
(56, 279, 16, 'Service Done by', '2015-06-25'),
(57, 279, 16, 'Service Done by', '2015-09-24'),
(61, 287, 18, '', '2014-12-31'),
(62, 287, 18, '', '2015-04-01'),
(63, 287, 18, '', '2015-07-01'),
(64, 287, 18, '', '2015-09-30'),
(65, 176, 19, 'Dry service done by other Tech.', '2014-04-01'),
(66, 176, 19, 'Dry service done by mosin', '2014-08-12'),
(67, 176, 19, 'Dry service done by Faheem', '2014-11-25'),
(68, 176, 20, 'Dry service done.', '2014-04-01'),
(69, 176, 20, 'Dry service done by Mosin.', '2014-08-12'),
(70, 176, 20, 'Dry service done  by Faheem', '2014-11-25'),
(71, 176, 21, 'Dry service done by Tech.', '2014-04-01'),
(72, 176, 21, 'Dry service done by mosin', '2014-08-12'),
(73, 176, 21, 'Dry service done by Faheem.', '2014-11-25'),
(74, 176, 22, 'Dry service done by Tech.', '2014-04-01'),
(75, 176, 22, 'Dry service done by Mosin', '2014-08-12'),
(76, 176, 22, 'Dry service done by Faheem.', '2014-11-25'),
(77, 116, 23, 'service done by Mosin', '2014-09-20'),
(78, 116, 23, 'service done by', '2014-12-20'),
(79, 116, 23, 'service done by', '2015-03-21'),
(80, 116, 23, 'service done by', '2015-06-20'),
(81, 275, 24, 'Service done by Niyaz.', '2014-12-04'),
(82, 275, 24, 'Service done by', '2015-04-05'),
(83, 275, 24, 'Service done by', '2015-08-05'),
(84, 275, 25, 'Service done by Niyaz.', '2014-12-04'),
(85, 275, 25, 'Service done by', '2015-04-05'),
(86, 275, 25, 'Service done by', '2015-08-05'),
(87, 275, 26, 'Service done by niyaz.', '2014-12-04'),
(88, 275, 26, 'Service done by', '2015-04-05'),
(89, 275, 26, 'Service done by', '2015-08-05'),
(90, 275, 27, 'Service done by niyaz.', '2014-12-04'),
(91, 275, 27, 'Service done by', '2015-04-05'),
(92, 275, 27, 'Service done by', '2015-08-05'),
(93, 275, 28, 'Service done by niyaz.', '2014-12-04'),
(94, 275, 28, 'Service done by', '2015-04-05'),
(95, 275, 28, 'Service done by', '2015-08-05'),
(96, 143, 29, 'service done by Atish', '2014-10-01'),
(97, 143, 29, 'service done by Faheem', '2015-01-03'),
(98, 143, 29, 'service done by ', '2015-03-12'),
(99, 143, 30, 'service done by Atish', '2014-10-01'),
(100, 143, 30, 'service done by mosin', '2015-01-03'),
(101, 143, 30, 'service done by', '2015-03-12'),
(102, 143, 31, 'service done by Atish', '2014-10-01'),
(103, 143, 31, 'service done by mosin', '2015-01-03'),
(104, 143, 31, 'service done by ', '2015-03-12'),
(105, 143, 32, 'service done by Atish', '2014-10-01'),
(106, 143, 32, 'service done by mosin', '2015-01-03'),
(107, 143, 32, 'service done by', '2015-03-12'),
(121, 72, 45, '', '2015-01-27'),
(122, 72, 45, '', '2015-03-20'),
(123, 72, 45, '', '2015-05-11'),
(124, 72, 45, '', '2015-07-02'),
(125, 72, 45, '', '2015-08-23'),
(126, 72, 45, '', '2015-10-14'),
(127, 72, 45, '', '2015-12-05'),
(138, 193, 51, 'service done by Mosin.', '2014-08-05'),
(139, 193, 51, 'service done by Sumit.', '2014-12-25'),
(140, 193, 51, 'service done by ', '2015-04-09'),
(141, 112, 52, 'service done by Mosin', '2014-07-23'),
(142, 112, 52, 'service done by Abed', '2014-10-28'),
(143, 112, 52, 'service done by Akhilesh', '2015-01-03'),
(144, 294, 53, 'Installation done by Mosin.', '2014-09-22'),
(145, 294, 53, 'Installation done by Akhilesh', '2014-12-31'),
(146, 294, 53, 'Installation done by', '2015-05-24'),
(162, 81, 58, 'Service done by Mosin.', '2014-12-31'),
(163, 81, 58, 'Service done by', '2015-05-02'),
(164, 81, 58, 'Service done by ', '2015-09-01'),
(165, 107, 59, 'Dry service done by Mosin', '2014-08-16'),
(166, 107, 59, 'Dry service done by Shafiq', '2014-10-16'),
(167, 107, 59, 'Dry service done by mosin', '2015-01-07'),
(168, 107, 59, 'service done by', '2015-05-16'),
(173, 251, 61, 'Wet service done by Atish', '2014-07-21'),
(174, 251, 61, 'Dry service done by Lateef.', '2014-10-09'),
(175, 251, 61, 'Dry service done by', '2015-01-07'),
(176, 251, 61, 'Dry service done by', '2015-04-20'),
(177, 251, 62, 'Wet service done by Atish', '2014-07-21'),
(178, 251, 62, 'Dry service done by Lateef.', '2014-10-09'),
(179, 251, 62, 'Dry service done by ', '2015-01-07'),
(180, 251, 62, 'Dry service done by ', '2015-04-20'),
(181, 251, 63, 'Wet service done by Atish.', '2014-07-21'),
(182, 251, 63, 'Dry service done by Lateef.', '2014-10-09'),
(183, 251, 63, 'Dry service done by ', '2015-01-07'),
(184, 251, 63, 'Dry service done by ', '2015-04-20'),
(185, 107, 64, 'Dry service done by Mosin', '2014-08-16'),
(186, 107, 64, 'Dry service done by shafiq', '2014-10-16'),
(187, 107, 64, 'Dry service done by Mosin', '2015-01-07'),
(188, 107, 64, ' service done by ', '2015-05-16'),
(189, 107, 65, 'Dry service done by Mosin.', '2014-08-16'),
(190, 107, 65, 'Dry service done by shafiq', '2014-10-16'),
(191, 107, 65, 'Dry service done by Mosin.', '2015-01-07'),
(192, 107, 65, ' service done by ', '2015-05-16'),
(197, 195, 67, 'Dry service done by Nizam', '2014-10-08'),
(198, 195, 67, 'Dry service done by Mosin', '2015-01-06'),
(199, 195, 67, 'Dry service done by', '2015-06-09'),
(204, 90, 69, 'Dry service done by Abid', '2014-10-16'),
(205, 90, 69, 'Dry service done by Mosin', '2015-01-07'),
(206, 90, 69, 'Dry service done by ', '2015-06-17'),
(216, 205, 73, 'Dry service done by Naushad', '2014-04-16'),
(217, 205, 73, 'Dry service done by Gautam', '2014-08-18'),
(218, 205, 73, 'Dry service done by Mosin', '2015-01-07'),
(219, 205, 73, 'Dry service done by', '2015-01-14'),
(220, 205, 74, 'Service done by Naushad', '2014-04-16'),
(221, 205, 74, 'Service done by Gautam', '2014-08-18'),
(222, 205, 74, 'Service done by Mosin', '2015-01-07'),
(223, 205, 74, 'Service done by ', '2015-01-14'),
(224, 205, 75, 'Service done by Naushad', '2014-04-16'),
(225, 205, 75, 'Service done by Gautam', '2014-08-18'),
(226, 205, 75, 'Service done by Mosin', '2015-01-07'),
(227, 205, 75, 'Service done by ', '2015-01-14'),
(228, 194, 76, 'Service done by mosin', '2014-08-06'),
(229, 194, 76, 'Service done by mosin', '2015-01-06'),
(230, 194, 76, 'Service done by ', '2015-04-07'),
(231, 87, 77, 'Dry service done by Nizam', '2014-08-18'),
(232, 87, 77, 'Dry service done by mosin', '2015-01-06'),
(233, 87, 77, 'Dry service done by', '2015-04-19'),
(234, 270, 78, 'service done by Nizam.', '2014-08-23'),
(235, 270, 78, 'service done by ', '2014-11-22'),
(236, 270, 78, 'service done by ', '2015-02-21'),
(237, 270, 78, 'service done by', '2015-05-23'),
(238, 106, 79, 'service done by Abid', '2014-07-23'),
(239, 106, 79, 'service done by Mosin', '2014-12-26'),
(240, 106, 79, 'service done by ', '2015-01-21'),
(241, 106, 79, 'service done by ', '2015-04-22'),
(242, 106, 80, 'service done by Abid', '2014-07-23'),
(243, 106, 80, 'service done by mosin', '2014-12-26'),
(244, 106, 80, 'service done by', '2015-01-21'),
(245, 106, 80, 'service done by ', '2015-04-22'),
(246, 106, 81, 'service done by Abid', '2014-07-23'),
(247, 106, 81, 'service done by Mosin', '2014-12-26'),
(248, 106, 81, 'service done by ', '2015-01-21'),
(249, 106, 81, 'service done by ', '2015-04-22'),
(254, 185, 83, 'service done by Mosin', '2014-08-06'),
(255, 185, 83, 'service done by sumit', '2014-12-26'),
(256, 185, 83, 'service done by ', '2015-04-07'),
(260, 185, 85, 'service done by Mosin', '2014-08-06'),
(261, 185, 85, 'service done by sumit', '2014-12-26'),
(262, 185, 85, 'service done by ', '2015-04-07'),
(263, 111, 86, 'Service done by Akhmal', '2014-10-28'),
(264, 111, 86, 'Service done by mosin', '2014-12-26'),
(265, 111, 86, 'Service done by ', '2015-04-28'),
(266, 111, 86, 'Service done by ', '2015-07-28'),
(267, 111, 87, 'Service done by Akhmal', '2014-10-28'),
(268, 111, 87, 'Service done by mosin', '2014-12-26'),
(269, 111, 87, 'Service done by ', '2015-04-28'),
(270, 111, 87, 'Service done by ', '2015-07-28'),
(271, 111, 88, 'Service done by Akhmal', '2014-10-28'),
(272, 111, 88, 'Service done by Mosin', '2014-12-26'),
(273, 111, 88, 'Service done by ', '2015-04-28'),
(274, 111, 88, 'Service done by', '2015-07-28'),
(275, 111, 89, 'Service done by Akhmal', '2014-10-28'),
(276, 111, 89, 'Service done by mosin', '2014-12-26'),
(277, 111, 89, 'Service done by ', '2015-04-28'),
(278, 111, 89, 'Service done by ', '2015-07-28'),
(291, 196, 93, 'Service done by Wasim', '2014-05-08'),
(292, 196, 93, 'Service done by mosin', '2014-08-06'),
(293, 196, 93, 'Service done by sumit', '2014-12-25'),
(294, 196, 93, 'Service done by', '2015-02-05'),
(295, 196, 94, 'Service done by Wasim', '2014-05-08'),
(296, 196, 94, 'Service done by mosin', '2014-08-06'),
(297, 196, 94, 'Service done by sumit', '2014-12-25'),
(298, 196, 94, 'Service done by ', '2015-02-05'),
(299, 196, 95, 'Service done by Wasim', '2014-05-08'),
(300, 196, 95, 'Service done by Mosin', '2014-08-06'),
(301, 196, 95, 'Service done by Sumit', '2014-12-25'),
(302, 196, 95, 'Service done by ', '2015-02-05'),
(303, 154, 96, 'Dry service done by ibrahim', '2014-05-20'),
(304, 154, 96, 'Dry service done by mosin', '2014-09-20'),
(305, 154, 96, 'Dry service done by sumit', '2014-12-30'),
(306, 154, 96, 'Dry service done by ', '2015-02-17'),
(307, 88, 97, 'service done by Mosin', '2014-08-18'),
(308, 88, 97, 'Service done by Akhilesh', '2014-12-30'),
(309, 88, 97, 'Dry service done by ', '2015-04-19'),
(310, 150, 98, 'wet service done by naushad', '2014-05-02'),
(311, 150, 98, 'Dry service done by mosin', '2014-09-18'),
(312, 150, 98, 'Dry service done by mosin', '2014-11-29'),
(313, 150, 98, ' service done by', '2015-01-30'),
(314, 150, 99, 'wet service done by naushad', '2014-05-02'),
(315, 150, 99, 'Dry service done by mosin', '2014-09-18'),
(316, 150, 99, 'Dry service done by mosin', '2014-11-29'),
(317, 150, 99, ' service done by ', '2015-01-30'),
(318, 150, 100, 'Wet service done by naushad', '2014-05-02'),
(319, 150, 100, 'Dry service done by Mosin', '2014-09-18'),
(320, 150, 100, 'Dry service done by mosin', '2014-11-29'),
(321, 150, 100, 'service done by ', '2015-01-30'),
(322, 150, 101, 'Wet service done by naushad', '2014-05-02'),
(323, 150, 101, 'Dry service done by mosin', '2014-09-18'),
(324, 150, 101, 'Dry service done by Mosin', '2014-11-29'),
(325, 150, 101, ' service done by ', '2015-01-30'),
(326, 150, 102, 'Wet service done by Naushad.', '2014-05-02'),
(327, 150, 102, 'Dry service done by mosin', '2014-09-18'),
(328, 150, 102, 'Dry service done by mosin', '2014-11-29'),
(329, 150, 102, ' service done by', '2015-01-30'),
(330, 212, 103, 'Dry Service done by Mosin', '2014-12-27'),
(331, 212, 103, ' Service done by', '2015-03-28'),
(332, 212, 103, 'Service done by', '2015-06-27'),
(333, 212, 103, 'Service done by ', '2015-09-26'),
(334, 109, 104, 'Dry service done by Mosin', '2014-08-16'),
(335, 109, 104, 'Dry service done by sumit', '2014-12-27'),
(336, 109, 104, 'Dry service done by', '2015-02-14'),
(337, 109, 104, 'Dry service done by', '2015-05-16'),
(338, 109, 105, 'Dry service done by Mosin', '2014-08-16'),
(339, 109, 105, 'Dry service done by sumit', '2014-12-27'),
(340, 109, 105, 'Dry service done by', '2015-02-14'),
(341, 109, 105, 'Dry service done by ', '2015-05-16'),
(342, 109, 106, 'Dry service done by Mosin', '2014-08-16'),
(343, 109, 106, 'Dry service done by sumit', '2014-12-27'),
(344, 109, 106, 'Dry service done by ', '2015-02-14'),
(345, 109, 106, 'Dry service done by', '2015-05-16'),
(346, 109, 107, 'Dry service done by Mosin', '2014-08-16'),
(347, 109, 107, 'Dry service done by sumit', '2014-12-27'),
(348, 109, 107, 'service done by ', '2015-02-14'),
(349, 109, 107, 'service done by ', '2015-05-16'),
(350, 216, 108, 'Service done by Nizam', '2014-05-31'),
(351, 216, 108, 'Service done by Abed', '2014-09-29'),
(352, 216, 108, 'Service done by Mosin', '2015-01-03'),
(353, 216, 108, 'Service done by ', '2015-02-28'),
(354, 216, 109, 'Service done by Abed', '2014-05-31'),
(355, 216, 109, 'Service done by Nizam', '2014-09-29'),
(356, 216, 109, 'Service done by Mosin', '2015-01-03'),
(357, 216, 109, 'Service done by ', '2015-02-28'),
(358, 245, 110, 'service done by Noor', '2014-11-17'),
(359, 245, 110, 'service done by ', '2015-02-16'),
(360, 245, 110, 'service done by ', '2015-05-18'),
(361, 245, 110, 'service done by ', '2015-08-17'),
(362, 245, 111, 'service done by Noor', '2014-11-17'),
(363, 245, 111, 'service done by ', '2015-02-16'),
(364, 245, 111, 'service done by ', '2015-05-18'),
(365, 245, 111, 'service done by ', '2015-08-17'),
(366, 201, 112, 'Service done by Niaz', '2014-03-12'),
(367, 201, 112, 'Service done by mosin', '2014-08-20'),
(368, 201, 112, 'Service done by sumit', '2015-01-05'),
(369, 201, 112, 'Service done by', '2014-12-10'),
(374, 218, 114, 'service done by mosin', '2014-08-22'),
(375, 218, 114, 'service done by Abed', '2015-01-03'),
(376, 218, 114, 'service done by ', '2015-02-20'),
(377, 218, 114, 'service done by ', '2015-05-22'),
(378, 269, 115, 'service done by Lateef', '2015-01-06'),
(379, 269, 115, 'service done by', '2014-06-20'),
(380, 269, 115, 'service done by', '2014-09-19'),
(381, 269, 115, 'service done by', '2014-12-19'),
(382, 269, 116, 'service done by lateef', '2015-01-06'),
(383, 269, 116, 'service done by', '2014-06-20'),
(384, 269, 116, 'service done by', '2014-09-19'),
(385, 269, 116, 'service done by', '2014-12-19'),
(386, 269, 117, 'Service done by Lateef.', '2015-01-06'),
(387, 269, 117, 'Service done by ', '2014-06-20'),
(388, 269, 117, 'Service done by ', '2014-09-19'),
(389, 269, 117, 'Service done by ', '2014-12-19'),
(399, 228, 121, 'service done by mosin', '2014-09-23'),
(400, 228, 121, 'service done by Faheem', '2015-01-07'),
(401, 228, 121, 'service done by ', '2015-03-24'),
(402, 228, 121, 'service done by ', '2015-06-23'),
(403, 228, 122, 'service done by mosin', '2014-09-24'),
(404, 228, 122, 'service done by Faheem', '2015-01-07'),
(405, 228, 122, 'service done by', '2015-03-25'),
(406, 228, 122, 'service done by', '2015-06-24'),
(415, 222, 125, 'wet service done by nizam', '2014-03-10'),
(416, 222, 125, 'dry service done by latif', '2015-01-08'),
(417, 222, 125, 'dry service done by ', '2014-09-08'),
(418, 222, 125, 'dry service done by ', '2014-12-08'),
(419, 222, 126, 'wet service done by nizam', '2014-03-10'),
(420, 222, 126, 'dry service done by lateef', '2015-01-08'),
(421, 222, 126, 'dry service done by ', '2014-09-08'),
(422, 222, 126, 'dry service done by ', '2014-12-08'),
(423, 185, 127, 'service done by mosin', '2014-08-06'),
(424, 185, 127, 'service done by sumit', '2014-12-26'),
(425, 185, 127, 'service done by', '2015-04-07'),
(426, 107, 128, 'Dry service done by Mosin', '2014-08-16'),
(427, 107, 128, 'Dry service done by shafiqe', '2014-10-16'),
(428, 107, 128, 'Dry service done by Mosin', '2015-01-07'),
(429, 107, 128, 'Dry service done by ', '2015-05-16'),
(431, 240, 130, 'Dry service done by mosin', '2015-01-09'),
(432, 240, 130, 'service done by ', '2015-07-11'),
(433, 240, 131, 'Dry service done by mosin', '2015-01-09'),
(434, 240, 131, ' service done by', '2015-07-11'),
(435, 240, 132, 'Dry service done by mosin', '2015-01-09'),
(436, 240, 132, ' service done by ', '2015-07-11'),
(437, 240, 133, 'Dry service done by mosin', '2015-01-09'),
(438, 240, 133, 'service done by ', '2015-07-11'),
(439, 240, 134, 'Dry service done by mosin', '2015-01-09'),
(440, 240, 134, ' service done by ', '2015-07-11'),
(441, 240, 135, 'Dry service done by mosin', '2015-01-09'),
(442, 240, 135, 'service done by ', '2015-07-11'),
(443, 240, 136, 'Dry service done by mosin', '2015-01-09'),
(444, 240, 136, 'service done by ', '2015-07-11'),
(445, 240, 137, 'Dry service done by mosin', '2015-01-09'),
(446, 240, 137, ' service done by', '2015-07-11'),
(447, 240, 138, 'Dry service done by mosin', '2015-01-09'),
(448, 240, 138, 'service done by ', '2015-07-11'),
(449, 240, 139, 'Dry service done by mosin', '2015-01-09'),
(450, 240, 139, 'service done by ', '2015-07-11'),
(451, 240, 140, 'Dry service done by mosin', '2015-01-09'),
(452, 240, 140, ' service done by', '2015-07-11'),
(453, 240, 141, 'Dry service done by mosin', '2015-01-09'),
(454, 240, 141, ' service done by', '2015-07-11'),
(455, 164, 142, '', '2014-12-08'),
(456, 164, 142, '', '2015-03-09'),
(457, 164, 142, '', '2015-06-08'),
(458, 164, 142, '', '2015-09-07'),
(459, 164, 143, '', '2014-12-08'),
(460, 164, 143, '', '2015-03-09'),
(461, 164, 143, '', '2015-06-08'),
(462, 164, 143, '', '2015-09-07'),
(463, 164, 144, '', '2014-12-08'),
(464, 164, 144, '', '2015-03-09'),
(465, 164, 144, '', '2015-06-08'),
(466, 164, 144, '', '2015-09-07'),
(467, 164, 145, '', '2015-01-08'),
(468, 164, 145, '', '2015-04-09'),
(469, 164, 145, '', '2015-07-09'),
(470, 164, 145, '', '2015-10-08'),
(471, 164, 146, '', '2014-12-08'),
(472, 164, 146, '', '2015-03-09'),
(473, 164, 146, '', '2015-06-08'),
(474, 164, 146, '', '2015-09-07'),
(475, 299, 147, '', '2015-01-08'),
(476, 299, 147, '', '2015-05-10'),
(477, 299, 147, '', '2015-09-09'),
(478, 299, 148, '', '2015-01-08'),
(479, 299, 148, '', '2015-05-10'),
(480, 299, 148, '', '2015-09-09'),
(481, 299, 149, '', '2015-01-08'),
(482, 299, 149, '', '2015-04-09'),
(483, 299, 149, '', '2015-07-09'),
(484, 299, 149, '', '2015-10-08'),
(489, 228, 151, '', '2014-09-23'),
(490, 228, 151, '', '2014-12-23'),
(491, 228, 151, '', '2015-03-24'),
(492, 228, 151, '', '2015-06-23');

-- --------------------------------------------------------

--
-- Table structure for table `assignment`
--

CREATE TABLE IF NOT EXISTS `assignment` (
  `assign_id` int(11) NOT NULL AUTO_INCREMENT,
  `ticket_id` varchar(50) NOT NULL,
  `cust_id` int(11) NOT NULL,
  `ac_id` int(11) NOT NULL,
  `type` enum('amc','ots','installation','complaint','ins_service') NOT NULL,
  `type_id` int(11) NOT NULL COMMENT '{type} id which need to be assigned',
  `assign_for` int(11) NOT NULL COMMENT 'technician id who need to be assigned',
  `assign_date` date NOT NULL,
  `remarks` text NOT NULL,
  `status` enum('p','c') NOT NULL COMMENT 'pending,closed',
  `created_on` timestamp NOT NULL DEFAULT CURRENT_TIMESTAMP,
  PRIMARY KEY (`assign_id`),
  UNIQUE KEY `ticket_id` (`ticket_id`),
  KEY `ac_id` (`ac_id`)
) ENGINE=InnoDB  DEFAULT CHARSET=latin1 AUTO_INCREMENT=71 ;

--
-- Dumping data for table `assignment`
--

INSERT INTO `assignment` (`assign_id`, `ticket_id`, `cust_id`, `ac_id`, `type`, `type_id`, `assign_for`, `assign_date`, `remarks`, `status`, `created_on`) VALUES
(56, 'COM-295-1501098', 295, 290, 'complaint', 8, 49, '2015-01-08', 'water leakage...', 'c', '2015-01-09 11:54:15'),
(57, 'COM-296-1501099', 296, 291, 'complaint', 9, 49, '2015-01-08', 'AC Service request.', 'c', '2015-01-09 12:16:35'),
(58, 'COM-297-15010910', 297, 292, 'complaint', 10, 49, '2015-01-08', 'AC Service request.', 'c', '2015-01-09 13:11:37');

-- --------------------------------------------------------

--
-- Table structure for table `branch`
--

CREATE TABLE IF NOT EXISTS `branch` (
  `branch_id` int(11) NOT NULL AUTO_INCREMENT,
  `branch_name` varchar(20) NOT NULL,
  PRIMARY KEY (`branch_id`)
) ENGINE=InnoDB  DEFAULT CHARSET=latin1 AUTO_INCREMENT=7 ;

--
-- Dumping data for table `branch`
--

INSERT INTO `branch` (`branch_id`, `branch_name`) VALUES
(1, 'Mumbai'),
(2, 'Navi Mumbai'),
(3, 'Pune'),
(6, 'Vikhroli');

-- --------------------------------------------------------

--
-- Table structure for table `complaint`
--

CREATE TABLE IF NOT EXISTS `complaint` (
  `com_id` int(11) NOT NULL AUTO_INCREMENT,
  `ac_id` int(11) NOT NULL,
  `problem_type` int(11) NOT NULL,
  `problem_desc` text NOT NULL,
  `preferred_date` date NOT NULL,
  `cust_id` int(11) NOT NULL,
  `created_on` timestamp NOT NULL DEFAULT CURRENT_TIMESTAMP,
  `enabled` enum('1','2') NOT NULL DEFAULT '1' COMMENT '1-en',
  PRIMARY KEY (`com_id`),
  KEY `ac_id` (`ac_id`)
) ENGINE=InnoDB  DEFAULT CHARSET=latin1 AUTO_INCREMENT=16 ;

--
-- Dumping data for table `complaint`
--

INSERT INTO `complaint` (`com_id`, `ac_id`, `problem_type`, `problem_desc`, `preferred_date`, `cust_id`, `created_on`, `enabled`) VALUES
(2, 116, 1, 'Ac not cooling properly.', '2014-12-15', 78, '2014-12-15 07:45:30', '1'),
(4, 164, 1, 'not cooling', '2014-12-27', 281, '2014-12-29 10:39:49', '1'),
(5, 98, 6, '', '2015-01-03', 72, '2015-01-02 15:16:09', '1'),
(6, 98, 5, '', '2015-01-20', 72, '2015-01-07 08:59:43', '1'),
(8, 290, 6, 'water likadge ', '2015-01-08', 295, '2015-01-09 11:12:04', '1'),
(9, 291, 30, 'Ac service request.', '2015-01-08', 296, '2015-01-09 12:14:35', '1'),
(10, 292, 30, 'AC Service request.', '2015-01-08', 297, '2015-01-09 12:59:02', '1');

-- --------------------------------------------------------

--
-- Table structure for table `customer`
--

CREATE TABLE IF NOT EXISTS `customer` (
  `cust_id` int(11) NOT NULL AUTO_INCREMENT,
  `account_type` enum('c','r') NOT NULL DEFAULT 'r' COMMENT 'c-commercial,r-residential',
  `first_name` varchar(50) NOT NULL,
  `last_name` varchar(50) NOT NULL,
  `email` varchar(50) NOT NULL,
  `password` varchar(150) NOT NULL,
  `organisation` varchar(80) NOT NULL,
  `mobile` varchar(15) NOT NULL,
  `alternate_mobile` varchar(15) NOT NULL,
  `alternate_contact` varchar(200) NOT NULL,
  `phone` varchar(20) NOT NULL,
  `dob` date NOT NULL,
  `address` varchar(200) NOT NULL,
  `landmark` varchar(160) NOT NULL,
  `location` varchar(20) NOT NULL,
  `pincode` varchar(10) NOT NULL,
  `city` varchar(20) NOT NULL,
  `mode_of_contact` varchar(30) NOT NULL,
  `remarks` varchar(100) NOT NULL,
  `reference` varchar(80) NOT NULL,
  `created_on` timestamp NOT NULL DEFAULT CURRENT_TIMESTAMP,
  `enabled` enum('1','2') NOT NULL COMMENT '1-en,',
  PRIMARY KEY (`cust_id`)
) ENGINE=InnoDB  DEFAULT CHARSET=latin1 AUTO_INCREMENT=303 ;

--
-- Dumping data for table `customer`
--

INSERT INTO `customer` (`cust_id`, `account_type`, `first_name`, `last_name`, `email`, `password`, `organisation`, `mobile`, `alternate_mobile`, `alternate_contact`, `phone`, `dob`, `address`, `landmark`, `location`, `pincode`, `city`, `mode_of_contact`, `remarks`, `reference`, `created_on`, `enabled`) VALUES
(69, 'c', 'Ronak', 'Rathod', '', '123', 'Ronak Enterprises', '9920727342', '9920727342', '', '', '1992-11-21', 'Hindu Friends society', 'Hindu Friends Colony Jogeshwari (East)', 'Jogeshwari', '400060', 'Mumbai', 'm', 'Hello', 'Team one website', '2014-09-23 10:38:12', '1'),
(72, 'r', 'Girish', 'Rahumalani', 'girish.rahumalani@gmail.com', '123', '', '9004444818', '', '', '', '0000-00-00', '2A-74, Kalpataru Aura, LBS Road', 'Opp R-city Mall', 'Ghatkopar West', '400086', 'Mumbai', 'm', '', 'Team one website', '2014-09-25 18:07:44', '1'),
(73, 'r', 'Nevidita', 'Gulati', ' ', '123', '', '9930399507', '9867026995', '', 'Maharashtra', '1969-12-31', 'C-1407 Oberoi,splendor, JVLR\n', 'Opp Majas Bus Depot', 'andheri east', '400093', 'Mumbai', 'm', '', 'Team one website', '2014-11-27 06:45:54', '1'),
(74, 'c', 'Shasha', 'Jhunjhunwala', 'admin@globecot.co.in ', '123', 'Globe Cotyarn Pvt Ltd', '9820733456', '', '', '', '0000-00-00', '1st floor, bldg no 7, mittal industrial estate.', 'Andheri Kurla Road', 'Marol', '400059', 'Mumbai', 'm', '', '', '2014-11-27 07:51:39', '1'),
(77, 'r', 'C.G.', 'Paithankar', '', '123', '', '9619675782', '', '', '', '0000-00-00', 'B/502, Rajshri Shah Society,', '90 Feet Road', 'Mulund East', '400081', 'Mumbai', 'm', '', 'Team one website', '2014-11-27 11:10:47', '1'),
(78, 'r', 'seema', 'khot', '', '123', '', '9833026834', '', '', '', '0000-00-00', '12 /25 sai Apt. Sai Hill', 'Tebhi Pada,Bhandup (W)', 'Bhandup west', '400078', 'Mumbai', 'm', '', 'Team one website', '2014-11-27 12:27:08', '1'),
(79, 'r', 'Das', 'Udiyar', '', '123', '', '9821178097', '', '', '', '1969-12-31', '13, Sagar Vaibhav, Ashok Nagar\n', 'Near D Mart', 'mulund east', '400081', 'Mumbai', 'm', '', 'Team one website', '2014-11-27 12:30:16', '1'),
(80, 'r', 'Deniz', 'Vaz', '', '123', '', '9819421461', '', '', '02226404365', '1969-12-31', '301,pianade d Engance,29th road\n', 'Linking Road  BANDRA(WEST)', 'Bandra west', '400050', 'Mumbai', 'b', '', 'Team one website', '2014-11-27 12:35:32', '1'),
(81, 'r', 'B.D.', 'Raul', '', '123', '', '9321638138', '', '', '', '0000-00-00', 'A-303, Palkhi CHS., Next to VPM School\n', 'Mithagar Road ,Mulund(E)', 'mulund east', '400081', 'Mumbai', 'm', '', 'Team one website', '2014-11-27 12:38:51', '1'),
(82, 'r', 'Davindra', 'Joshi', '', '123', '', '8879650470', '', '', '', '0000-00-00', 'Lalit Communication, Sai baba Mandir Road, opp. Jai Shastri Nagar \n', 'Mulund colony', 'Mulund west', '400080', 'Mumbai', 'm', '', 'Team one website', '2014-11-27 12:52:37', '1'),
(83, 'r', 'Madhu', 'Mansukhani', '', '123', '', '9619238085', '', '', '022-21634754', '0000-00-00', 'A-1/ Amol Soc. Neelam Nagar\n', 'V.B. Phadake Marg', 'mulund east', '400081', 'Mumbai', 'm', '', 'Team one website', '2014-11-27 12:55:59', '1'),
(84, 'r', 'S.', 'Vivek', '', '123', '', '9821197682', '', '', '', '1969-12-31', 'Ectacy, City of Joy\n', 'Jai Shastri Nagar', 'mulund west', '400082', 'Mumbai', 'm', '', 'Team one website', '2014-11-27 13:06:43', '1'),
(86, 'r', 'Ashok ', 'Shinde', '', '123', '', '8767805614', '', '', '', '0000-00-00', 'D/901 Jalvayu Vihar. Hiranandani\n', 'S M Shetty High School', 'Powai', '400076', 'Mumbai', 'm', '', 'Team one website', '2014-11-28 11:06:37', '1'),
(87, 'r', 'Bhushan', 'Gokhale', '', '123', '', '8080929551', '', '', '2225636303', '0000-00-00', 'A-401, Akashdeep Chs.\n', 'Mulund colony', 'mulund east', '400080', 'Mumbai', 'm', '', 'Team one website', '2014-11-28 11:09:56', '1'),
(88, 'r', 'Chandra Govind', 'Taksali', '', '123', '', '9819696891', '', '', '2225966312', '0000-00-00', '408,Bewitching Apts, Nr. Pimpleshwar Mandir,\n', 'Bhandup (W) , Near Station', 'Bhandup west', '400078', 'Mumbai', 'm', '', 'Team one website', '2014-11-28 11:13:11', '1'),
(89, 'r', 'Meghna', 'Manek', '', '123', '', '9821275335', '', '', '', '1969-12-31', 'D-2406, Oberoi Splendor, JVLR\n', 'Opp Majas Bus Depot', 'Andheri east', '400093', 'Mumbai', 'm', '', 'Team one website', '2014-11-28 11:17:24', '1'),
(90, 'r', 'Pooja ', 'Ashley', 'pooja@ashleys.com', '123', '', '9769621515', '', '', '', '0000-00-00', '2A-151 Kalpataru Aura, LBS Marg.\n', 'Opp R-city Mall', 'Ghatkopar West', '400086', 'Mumbai', 'm', '', 'Team one website', '2014-11-28 11:20:01', '1'),
(91, 'r', 'Shailesh ', 'Panchal', '', '123', '', '9320771027', '', '', '', '0000-00-00', 'R3/14, Kalpataru Aura.\n', 'Opp R-city Mall', 'Ghatkopar West', '400086', 'Mumbai', 'm', '', 'Team one website', '2014-11-28 11:23:04', '1'),
(92, 'r', 'Sunil', 'Makhijani', '', '123', '', '9272546898', '', '', '', '1969-12-31', '3F/11 Kalptaru Aura,LBS Marg\n', 'Opp R-city Mall', 'Ghatkopar West', '400086', 'Mumbai', 'm', '', 'Team one website', '2014-11-28 11:24:55', '1'),
(93, 'r', 'Ashwin', 'Kothari', '', '123', '', '9930963640', '', '', '', '0000-00-00', '3H /141 Kalptaru Aura LBS Marg\n', 'Opp R-city Mall', 'Ghatkopar West', '400086', 'Mumbai', 'm', '', 'Team one website', '2014-11-28 11:29:44', '1'),
(94, 'c', 'K K ', 'Stock Management', '', '123', 'KK Stock Management', '9820351147', '', '', '022266102850', '1969-12-31', 'Sadhana  Bldg. 3rd Floor, Flat No-35,  "B" Road, \n', 'Opp Sydenham college', 'churchgate', '400020', 'Mumbai', 'm', '', 'Team one website', '2014-11-28 11:41:20', '1'),
(95, 'c', 'K. K.', 'Stock Management', '', '123', 'K K Stock Management', '9820351147', '', '', '022266102850', '0000-00-00', '37, potdar Chambers, 2nd Floor,bellard Rd.\n', 'Opp Mumbai Samachar  Press', 'Fort', '400001', 'Mumbai', 'm', '', 'Team one website', '2014-11-28 12:07:36', '1'),
(96, 'r', 'Ketan ', 'Vyas', '', '123', '', '9821994299', '', '', '', '0000-00-00', 'B-113/2nd floor, Vrindavan Soc.Opp. Pentrol Pump, L.B.S. Rd.\n', 'Near Pipeline', 'Ghatkopar West', '400086', 'Mumbai', 'm', '', 'Team one website', '2014-11-28 12:28:23', '1'),
(97, 'r', 'Sonal ', 'Gandhi', '', '123', '', '9820143040', '', '', '', '0000-00-00', 'odyses Bldg.1 Orchard Avenue.', 'Hiranandani Garden', 'Powai', '400076', 'Mumbai', 'm', '', 'Team one website', '2014-11-28 12:38:50', '1'),
(98, 'r', 'Anandita', 'Narag', '', '123', '', '9833129157', '', '', '', '0000-00-00', 'Flat No.196,19th Floor,  "2C" wing, Karmkshetra, \n', 'SHANMUKHANADAN HALL SION', 'Sion East', '400022', 'Mumbai', 'm', '', 'Team one website', '2014-11-28 12:46:29', '1'),
(99, 'c', 'Vinay', 'Jain', '', '123', 'Natural Gems\n', '9821152934', '', '', '', '1969-12-31', '109/111 Dhanji Street, Zaveri Bazar,\n', 'Abddul Rehman Street', 'Mumbai', '400003', 'Mumbai', 'm', '', 'Team one website', '2014-11-28 13:03:25', '1'),
(100, 'r', 'Arnab', 'Chakrvarty', '', '123', '', '9820222541', '', '', '', '0000-00-00', 'B-2808,Rustomje Enaza', 'Nr. Inorbit Mall ', 'Malad west', '400064', 'Mumbai', 'm', '', 'Team one website', '2014-11-29 05:48:36', '1'),
(101, 'r', 'Amit ', 'Naik', '', '123', '', '9619195563', '', '', '', '0000-00-00', '107, Vishranti bldg.\n', 'Senapati Bapat Marg', 'Curry Rd.', '400013', 'Mumbai', 'm', '', 'Team one website', '2014-11-29 05:56:16', '1'),
(102, 'r', 'Amit ', 'Satra', '', '123', '', '9322697888', '', '', '2225176046', '0000-00-00', '1A-144 kalptaru Aura, LBS.Marg', 'Opp R-city Mall', 'Ghatkopar West', '400086', 'Mumbai', 'm', '', 'Team one website', '2014-11-29 05:59:34', '1'),
(103, 'r', 'Dilip', 'Dalal', '', '123', '', '9821420552', '9324258860', '', '', '0000-00-00', '3G-33-34, Kalpataru Aura, LBS.Marg.\n', 'Opp R-city Mall', 'Ghatkopar West', '400086', 'Mumbai', 'm', '', 'Team one website', '2014-11-29 06:03:38', '1'),
(104, 'r', 'Asit', 'Shah', 'i', '123', '', '9820427639', '', '', '2223442400', '0000-00-00', '1D-24 kalptaru Aura.\n', 'Opp R-city Mall', 'Ghatkopar West', '400086', 'Mumbai', 'm', '', 'Team one website', '2014-11-29 06:16:33', '1'),
(105, 'r', 'Ketan ', 'Lodha', '', '123', '', '9220001344', '', '', '', '0000-00-00', ' 11 Tirupati Apts.  Opp Mulund west bus depot\n', 'Devidayal Road ', 'mulund west', '400080', 'Mumbai', 'm', '', 'Team one website', '2014-11-29 06:24:42', '1'),
(106, 'r', 'Suman ', 'Azad', 'suman.a@yahoo.com', '123', '', '9930983502', '', '', '', '0000-00-00', 'E-1008,Oberoi Splendor, JVLR Rd.\n', 'Opp Majas Bus Depot', 'Andheri east', '400093', 'Mumbai', 'm', '', 'Team one website', '2014-11-29 06:30:05', '1'),
(107, 'r', 'Vikrant', 'Gandhi', 'vikrant.gandhi@gmail.com', '123', '', '9821526892', '', '', '', '1969-12-31', '1F/53 Kalpataru Aura, L.B.S. Marg\n', 'Opp R-city Mall', 'Ghatkopar West', '400086', 'Mumbai', 'm', '', 'Team one website', '2014-11-29 06:32:11', '1'),
(108, 'r', 'Mitesh', 'Thakkar', '', '123', '', '9821082770', '', '', '', '0000-00-00', 'B/702, Vinayak Ashish,\n', 'Madan Mohan Malviya Rd.', 'mulund west', '400080', 'Mumbai', 'm', '', 'Team one website', '2014-11-29 06:42:14', '1'),
(109, 'r', 'Rohit ', 'Garg', 'ro.2014.garg@gmail.com', '123', '', '9833801193', '', '', '', '1969-12-31', '2B-111, kalptaru Aura, L.B.S. Marg.\n', 'Opp R-city Mall', 'Ghatkopar West', '400086', 'Mumbai', 'm', '', 'Team one website', '2014-11-29 06:45:08', '1'),
(110, 'r', 'Krishna', 'Kachhela', '', '123', '', '9820002703', '', '', '', '0000-00-00', 'A1-12, kalptaru Aura, LBS. Marg\n', 'Opp R-city Mall', 'Ghatkopar West', '400086', 'Mumbai', 'm', '', 'Team one website', '2014-11-29 06:47:54', '1'),
(111, 'r', 'Pradeep', 'Kedia', '1) pkedia@vsnl.net     2) pkediaca@gmail.com', '123', '', '9820056704', '9987036704', '', '', '0000-00-00', 'D-1001, Oberoi Splendor, JVLR Rd.\n', 'Opp Majas Bus Depot', 'Andheri east', '400093', 'Mumbai', 'm', '', 'Team one website', '2014-11-29 06:52:17', '1'),
(112, 'r', 'Tejas ', 'Shah', '', '123', '', '9892155240', '', '', '2225645839', '0000-00-00', 'D8/601,Munisurat Bldg.\n', 'Sarvodaya Nagar', 'mulund west', '400080', 'Mumbai', 'm', '', 'Team one website', '2014-11-29 06:54:55', '1'),
(113, 'r', 'Vishwas', 'Bhadsavle', '', '123', '', '9820950363', '', '', '2225176213', '0000-00-00', '1B-33, kalptaru Aura, L.B.S. Marg\n', 'Opp R-city Mall', 'Ghatkopar West', '400086', 'Mumbai', 'm', '', 'Team one website', '2014-11-29 06:57:20', '1'),
(114, 'r', 'Saifuddin', 'Kapasi', '', '123', '', '9820018172', '9820052786', '', '', '0000-00-00', '3rd Flr. Kapadiya Mansion Line 2142,  Modi Street\n', 'Opp Khaitan Chembers', 'Fort', '400001', 'Mumbai', 'm', '', 'Team one website', '2014-11-29 07:14:33', '1'),
(115, 'r', 'Valerian', 'D''suza', '', '123', '', '9619512120', '', '', '', '1969-12-31', 'C-2602,Oberoi Splendor, JVLR Rd.\n', 'Opp Majas Bus Depot', 'Andheri east', '400093', 'Mumbai', 'm', '', 'Team one website', '2014-11-29 07:27:33', '1'),
(116, 'r', 'Suresh', 'Agrawal', 'agrawal1104@gmail.com', '123', '', '9702004500', '', '', '', '1969-12-31', 'A-1104, Oberoi Splendor, JVLR Rd.\n', 'Opp Majas Bus Depot', 'Andheri east', '400093', 'Mumbai', 'm', '', 'Team one website', '2014-11-29 07:29:23', '1'),
(117, 'c', 'Jaydeep', 'Thakrar', '', '123', 'Thakrar Infotrendz\n', '9869140304', '', '', '25009000', '1969-12-31', '412 Swastik  Disa Cerperal Park, L.B.S Rd.\n', 'OPP. Shreyas Cinema', 'Ghatkopar West', '400086', 'Mumbai', 'm', '', 'Team one website', '2014-11-29 07:37:48', '1'),
(118, 'r', 'Sonal ', 'Holland', '', '123', '', '9820056530', '', '', '', '0000-00-00', 'G-1806, Oberoi Splendor, JVLR Rd.\n', 'Opp Majas Bus Depot', 'Andheri east', '400093', 'Mumbai', 'm', '', 'Team one website', '2014-11-29 07:39:32', '1'),
(119, 'r', 'Shivraman', 'Subramaniam', '', '123', '', '9920970270', '', '', '', '0000-00-00', 'C-101, Oberoi Splendor, JVLR Rd.\n', 'Opp Majas Bus Depot', 'Andheri east', '400093', 'Mumbai', 'm', '', 'Team one website', '2014-11-29 07:41:33', '1'),
(120, 'c', 'Mitesh', 'Zaveri', '', '123', 'Rever Modular Kitchen\n', '9004235110', '', '', '', '0000-00-00', 'Opp. Samata Nagar Police Station.\n\n', 'Western Express Highway.', 'Kandivali East', '400101', 'Mumbai', 'm', '', 'Team one website', '2014-11-29 08:03:07', '1'),
(121, 'r', 'Rahul', 'Gupta', '', '123', '', '9820164952', '', '', '', '0000-00-00', '506,Oystar Hall, Nr. Domniz Pizza\n', 'Juhu Tara Road Juhu', 'juhu', '400049', 'Mumbai', 'm', '', 'Team one website', '2014-11-29 08:05:24', '1'),
(122, 'r', 'Prajakta', 'Rane', '', '123', '', '8691902828', '', '', '', '0000-00-00', 'B-505,Oberoi Splendor, JVLR Rd.\n', 'Opp Majas Bus Depot', 'Andheri east', '400093', 'Mumbai', 'm', '', 'Team one website', '2014-11-29 08:07:34', '1'),
(123, 'r', 'Nandita', 'Chakravarti', '', '123', '', '9833197843', '', '', '', '0000-00-00', 'G-906,Oberoi Splendor, JVLR Rd.\n', 'Opp Majas Bus Depot', 'Andheri east', '400093', 'Mumbai', 'm', '', 'Team one website', '2014-11-29 08:09:15', '1'),
(124, 'r', 'Nandita', 'Chakravarti', '', '123', '', '9833197843', '', '', '', '0000-00-00', 'G-906,Oberoi Splendor, JVLR Rd.\n', 'Opp Majas Bus Depot', 'Andheri east', '400093', 'Mumbai', 'm', '', 'Team one website', '2014-11-29 08:10:47', '1'),
(125, 'r', 'Mr.', 'Shreyas', '', '123', '', '9833099663', '', '', '', '0000-00-00', 'E-2102,Oberoi Splendor, JVLR Rd.\n', 'Opp Majas Bus Depot', 'Andheri east', '400093', 'Mumbai', 'm', '', 'Team one website', '2014-11-29 08:14:02', '1'),
(126, 'r', 'Naini ', 'Madan', '', '123', '', '9619232690', '', '', '', '1969-12-31', 'C-2706,Oberoi Splendor, JVLR Rd.\n ', 'Opp Majas Bus Depot', 'Andheri east', '400093', 'Mumbai', 'm', '', 'Team one website', '2014-11-29 08:17:17', '1'),
(127, 'r', 'Shubhangi', 'Tendulkar', '', '123', '', '9819411505', '', '', '', '0000-00-00', 'G-403,Oberoi Splendor, JVLR Rd.\n', 'Opp Majas Bus Depot', 'Andheri east', '400093', 'Mumbai', 'm', '', 'Team one website', '2014-11-29 08:23:29', '1'),
(128, 'r', 'Paramjeet', 'Kaur', '', '123', '', '9820095683', '', '', '', '0000-00-00', '2403,Oberoi Splendor ground, JVLR Rd.\n', 'Opp Majas Bus Depot', 'Andheri east', '400093', 'Mumbai', 'm', '', 'Team one website', '2014-11-29 08:31:09', '1'),
(129, 'r', 'Neha', 'Parwal', '', '123', '', '9769395432', '', '', '', '0000-00-00', 'D-907, Oberoi Splendor, JVLR Rd.\n', 'Opp Majas Bus Depot', 'Andheri east', '400093', 'Mumbai', 'm', '', 'Team one website', '2014-11-29 08:33:19', '1'),
(130, 'r', 'Archana', 'Gupta', '', '123', '', '9833970425', '', '', '', '0000-00-00', 'F-1402,Oberoi Splendor, JVLR Rd.\n', 'Opp Majas Bus Depot', 'Andheri east', '400093', 'Mumbai', 'm', '', 'Team one website', '2014-11-29 08:34:49', '1'),
(131, 'r', 'Anish ', 'Matapurkar', '', '123', '', '9820368483', '', '', '', '0000-00-00', 'G-1301,Oberoi Splendor, JVLR Rd.\n', 'Opp Majas Bus Depot', 'Andheri east', '400093', 'Mumbai', 'm', '', 'Team one website', '2014-11-29 08:38:05', '1'),
(132, 'r', 'Mrs.', 'Pawa', '', '123', '', '9324737566', '', '', '', '1969-12-31', 'Bhakti Park , Bolivian Alps B to 103 \n', 'Imax Theater', 'Chembur', '400071', 'Mumbai', 'm', '', 'Team one website', '2014-11-29 09:40:13', '1'),
(133, 'r', 'Raj', 'Kalady', '', '123', '', '9920028762', '', '', '', '0000-00-00', '1D/134, kalptaru  Aura,L.B.S. Marg\n', 'Opp R-city Mall', 'Ghatkopar west', '400086', 'Mumbai', 'm', '', 'Team one website', '2014-11-29 09:59:16', '1'),
(134, 'r', 'Shravan', 'Mehta', '', '123', '', '9920700622', '', '', '', '0000-00-00', 'B-1904, Oberoi Splendor', 'Opp Majas Bus Depot', 'Andheri east', '400093', 'Mumbai', 'm', '', 'Team one website', '2014-11-29 10:10:16', '1'),
(135, 'r', 'Mr.', 'Shah', '', '123', '', '9833099663', '', '', '', '0000-00-00', 'E- 2102, Oberoi Splendor, JVLR Rd\n', 'Opp Majas Bus Depot', 'Andheri east', '400093', 'Mumbai', 'm', '', 'Team one website', '2014-11-29 10:21:55', '1'),
(136, 'r', 'Seshadri', 'Vedanarayanan', '', '123', '', '7666666277', '', '', '', '0000-00-00', 'B-1902, Oberoi Splendor, JVLR Rd.\n', 'Opp Majas Bus Depot', 'Andheri east', '400093', 'Mumbai', 'm', '', 'Team one website', '2014-11-29 10:30:06', '1'),
(137, 'r', 'Satish', 'Chandra', '', '123', '', '9833546184', '9820322592', '', '', '0000-00-00', '2A/32, Kalpataru Aura, LBS Marg\n', 'Amrut Nagar,Ghatkopar (W)', 'Ghatkopar West', '400086', 'Mumbai', 'm', '', 'Team one website', '2014-11-29 10:36:19', '1'),
(138, 'r', 'Sameer ', 'Sablok', '', '123', '', '9619691667', '9820423137', '', '', '1969-12-31', 'B-2001,Oberoi Splendor, JVLR Rd\n', 'Opp Majas Bus Depot', 'Andheri east', '400093', 'Mumbai', 'b', '', 'Team one website', '2014-11-29 10:41:18', '1'),
(139, 'r', 'Rajvi', 'Shah', '', '123', '', '9619583620', '', '', '28764898', '1969-12-31', 'Mandor Classic, Plot no.50, Flat no.203, Rd. No. 4\n', 'Jawahar Nagar', 'Goregaon west', '400062', 'Mumbai', 'm', '', 'Team one website', '2014-11-29 10:49:54', '1'),
(140, 'r', 'S.V.', 'Sahani', '', '123', '', '9820414338', '', '', '', '0000-00-00', 'A-2307/08, Oberoi Splendor,JVLR Rd.\n', 'Opp Majas Bus Depot', 'Andheri east', '400093', 'Mumbai', 'm', '', 'Team one website', '2014-11-29 10:53:32', '1'),
(141, 'r', 'Rajesh', 'Krishanamurti', '', '123', '', '9820365436', '', '', '022266712841', '0000-00-00', 'G - 2101, Oberoi Splendor, Oberoi Splendor, JVLR Rd\n', 'Opp Majas Bus Depot', 'Andheri east', '400093', 'Mumbai', 'm', '', 'Team one website', '2014-11-29 11:02:20', '1'),
(142, 'r', 'Rajeev', 'Kheror', '', '123', '', '9920913162', '9920254838', '', '', '0000-00-00', 'L 2 A/704, Bakland Park, Yamuna Nagar', 'Lokhandwala Andheri West', 'Andheri west', '400053', 'Mumbai', 'm', '', 'Team one website', '2014-11-29 11:13:03', '1'),
(143, 'r', 'Rahul', 'Mahipal', '', '123', '', '9820119468', '', '', '', '0000-00-00', 'F-1106,Oberoi Splendor, JVLR Rd.\n', 'AGARKAR CHOCK', 'Andheri east', '400093', 'Mumbai', 'm', '', 'Team one website', '2014-11-29 11:17:42', '1'),
(144, 'r', 'Prakash', 'Gorodia', 'pkgarodia@gmail.com', '123', '', '9821046379', '', '', '', '0000-00-00', ' G-2605-06, Oberoi Splendor, JVLR Rd.\n', 'Opp Majas Bus Depot', 'Andheri east', '400093', 'Mumbai', 'm', '', 'Team one website', '2014-11-29 11:24:29', '1'),
(145, 'r', 'Nilamba', 'Shyam', '', '123', '', '9820622984', '', '', '', '0000-00-00', '904 Eldeco Residency \n', 'Hill Road BANDRA(WEST)', 'Bandra West', '400050', 'Mumbai', 'm', '', 'Team one website', '2014-11-29 11:32:00', '1'),
(146, 'r', 'N. S.', 'Verma', '', '123', '', '9820346284', '', '', '', '1969-12-31', '101 B Link Apartments, Hira Nagar\n', 'Near Mulund Goregaon Link Road', 'Mulund West', '400081', 'Mumbai', 'm', '', 'Team one website', '2014-11-29 11:45:23', '1'),
(147, 'r', 'Devinder singh', 'Morwah', '', '123', '', '9820095683', '9036559853', '', '', '1969-12-31', 'G-2404 Oberoi Splendor, JVLR Rd.', 'Opp', 'Andheri east', '400093', 'Mumbai', 'b', '', 'Team one website', '2014-11-29 11:51:35', '1'),
(148, 'r', 'Ashish', 'Gupta', '', '123', '', '9833378998', '', '', '', '1969-12-31', 'C-1602 Oberoi Splendor, JVLR Rd.\n', 'Opp Majas Bus Depot', 'Andheri east', '400093', 'Mumbai', 'b', '', 'Team one website', '2014-11-29 11:53:52', '1'),
(149, 'r', 'Abhishek', 'jain', '', '123', '', '9833892567', '9870067703', '', '', '1969-12-31', 'G-705 Oberoi Splendor, JVLR Rd.\n', 'Opp Majas Bus Depot', 'Andheri east', '400093', 'Mumbai', 'b', '', 'Team one website', '2014-11-29 12:01:10', '1'),
(150, 'r', 'Gopal', 'Menon', '', '123', '', '9820566150', '', '', '', '0000-00-00', 'E- 1606, Oberoi Splendor, JVLR Rd', 'Opp Majas Bus Depot', 'Andheri east', '400093', 'Mumbai', 'm', '', 'Team one website', '2014-11-29 12:29:19', '1'),
(151, 'r', 'Moushami', 'Karnik', '', '123', '', '9821422465', '', '', '', '1969-12-31', 'A-302, shalaka Soc. S.N. Rd. Behind Punjab Vihar Hotel.\n', 'TELLI GALLI Andheri East', 'Andheri East', '400069', 'Mumbai', 'b', '', 'Team one website', '2014-11-29 12:34:27', '1'),
(152, 'r', 'Saloni', 'Zaveri', '', '123', '', '9821013138', '2223621101', '', '', '0000-00-00', 'G-1603, Oberoi Splendor, JVLR Rd.\n', 'Opp Majas Bus Depot', 'Andheri east', '400093', 'Mumbai', 'm', '', 'Team one website', '2014-12-01 06:40:54', '1'),
(153, 'r', 'Luiza', 'Hendrick', '', '123', '', '9821556131', '', '', '02228822136', '1969-12-31', 'Red House, Rathod Village', 'Marve Road Malad (West)', 'Malad West', '400095', 'Mumbai', 'm', '', 'Team one website', '2014-12-01 07:00:49', '1'),
(154, 'r', 'Lubena', 'Mirza', '', '123', '', '9820110536', '', '', '', '0000-00-00', 'Noor Mahal, Flat No.104,"A" Wing', 'City Hospital (Kurla West)', 'Kurla West', '400070', 'Mumbai', 'm', '', 'Team one website', '2014-12-01 07:21:25', '1'),
(155, 'r', 'Lalit', 'Gunani', '', '123', '', '9867133115', '', '', '', '0000-00-00', '202, Sand Pebbles, perry Cross Road.', 'Near Otters Club, Bandra West', 'Bandra West', '400050', 'Mumbai', 'm', '', 'Team one website', '2014-12-01 07:27:09', '1'),
(156, 'r', 'Kishor ', 'Tanna', '', '123', '', '9833771573', '', '', '2228385675', '0000-00-00', 'G-2605-06, Oberoi Splendor, JVLR Rd.\n', 'Opp Majas Bus Depot', 'Andheri east', '400093', 'Mumbai', 'm', '', 'Team one website', '2014-12-01 07:32:47', '1'),
(157, 'r', 'Jasmin', 'Bhanushali', '', '123', '', '9967178548', '', '', '', '0000-00-00', '1C-24, Kalpataru Aura, LBS Marg\n', 'Opp R-city Mall', 'Ghatkopar West', '400086', 'Mumbai', 'm', '', 'Team one website', '2014-12-01 07:40:29', '1'),
(158, 'c', 'Jasmin', 'Bhanushali', '', '123', 'OFFICIAL', '9869038884', '9967178548', '', '', '0000-00-00', '605, Swastik Disha Corporate Park.', 'OPP. Shreyas Cinema', 'Ghatkopar West', '400086', 'Mumbai', 'm', '', 'Team one website', '2014-12-01 08:11:02', '1'),
(159, 'r', 'J. K.', 'Gupta', '', '123', '', '9769560607', '', '', '', '0000-00-00', 'B-2402,Oberoi Splendor, JVLR Rd\n', 'Opp Majas Bus Depot', 'Andheri East', '400093', 'Mumbai', 'm', '', 'Team one website', '2014-12-01 08:12:55', '1'),
(160, 'r', 'Siddharth', 'Singh', '', '123', '', '9594525175', '', '', '', '0000-00-00', 'E-1807,Oberoi Splendor, JVLR Rd\n', 'Opp Majas Bus Depot', 'Andheri east', '400093', 'Mumbai', 'm', '', 'Team one website', '2014-12-01 08:21:33', '1'),
(161, 'r', 'Kapil', 'Sanghavi', '', '123', '', '9702011444', '9702011444', '', '', '0000-00-00', '2A-71, Kalpataru Aura, LBS Marg\n', 'Opp R-city Mall', 'Ghatkopar West', '400086', 'Mumbai', 'm', '', 'Team one website', '2014-12-01 08:24:14', '1'),
(162, 'r', 'Miss', 'Varsha', '', '123', '', '9820069715', '', '', '', '0000-00-00', 'B-1806, Oberoi Splendor, JVLR Rd.\n', 'Opp Majas Bus Depot', 'Andheri east', '400093', 'Mumbai', 'm', '', 'Team one website', '2014-12-01 08:28:46', '1'),
(163, 'r', 'Miss', 'Varsha', '', '123', '', '9820069715', '', '', '', '0000-00-00', 'B-1806, Oberoi Splendor, JVLR Rd.\n', 'Opp Majas Bus Depot', 'Andheri east', '400093', 'Mumbai', 'm', '', 'Team one website', '2014-12-01 08:28:46', '1'),
(164, 'r', 'Nikhil', 'Banerjee', 'nikhil_b@yahoo.com', '123', '', '9820409247', '7506053760', 'mentioned 2 mobile no. is Tenant Abhishek.', '', '0000-00-00', 'G-103, Oberoi Splendor, JVLR Rd\n', 'Opp Majas Bus Depot', 'Andheri east', '400093', 'Mumbai', 'm', '', 'Team one website', '2014-12-01 08:31:56', '1'),
(165, 'r', 'Mrs.', 'Pawa', '', '123', '', '9324737566', '', '', '', '0000-00-00', 'Vijay Bldg. Flat No.182, Ground Floor.\n', 'Fine Arts Cultural Centre', 'Chembur', '400071', 'Mumbai', 'm', '', 'Team one website', '2014-12-01 08:45:31', '1'),
(166, 'c', 'D', 'Murali', '', '123', 'Asian Tiger Lines India Pvt. Ltd.', '9321027340', '', '', '022242951415 ', '0000-00-00', '209 Bhaweshwar Arket A wing  2nd Floor ', 'OPP. Shreyas Cinema', 'Ghatkopar West', '400086', 'Mumbai', 'm', '', 'Team one website', '2014-12-01 09:02:09', '1'),
(167, 'r', 'Satish', 'Shenoy', '', '123', '', '9967011825', '9967655673', '', '02225176244', '0000-00-00', '2A-22, Kalpataru Aura, LBS Marg\n', 'Opp R-city Mall', 'Ghatkopar West', '400086', 'Mumbai', 'm', '', 'Team one website', '2014-12-01 09:06:47', '1'),
(168, 'c', 'Mr.', 'Jagdish', '', '123', 'GKN Securities', '9769080034', '', '', '222881700', '1969-12-31', '414, Palm Spring Centre,\n', 'New Link Road Malad (west)', 'Malad west', '400064', 'Mumbai', 'm', '', 'Team one website', '2014-12-01 10:12:31', '1'),
(169, 'r', 'Mr.', 'Eklahare', '', '123', '', '9820284403', '', '', '', '0000-00-00', 'C-404,\n', 'Palm Beach Road, Sec. No. 3', 'Navi Mumbai', '400614', 'Mumbai', 'm', '', 'Team one website', '2014-12-01 10:27:33', '1'),
(170, 'r', 'Vinod ', 'Gada', '', '123', '', '9702877777', '/982030203', '', '02225179999', '0000-00-00', '1C-193/194, Kalptaru Aura, LBS Marg.\n', 'Opp R-city Mall', 'Ghatkopar West', '400086', 'Mumbai', 'm', '', 'Team one website', '2014-12-01 10:37:21', '1'),
(171, 'c', 'Vinod', 'Gada', '', '123', 'Glitorium India Pvt. Ltd.\n', '9702877777', '9820302032', '', '', '1969-12-31', '2nd Floor , Swastik Esplanade, Alpana Society Compound,', 'j.v.', 'Ghatkopar west', '400086', 'Mumbai', 'b', '', 'Team one website', '2014-12-01 10:49:28', '1'),
(172, 'r', 'C. ', 'Madhupa', '', '123', '', '9769414807', '8554999883', '', '', '0000-00-00', 'F-808,Oberoi Splendor, JVLR Rd.\n', 'Opp Majas Bus Depot', 'Andheri east', '400093', 'Mumbai', 'm', '', 'Team one website', '2014-12-01 10:52:17', '1'),
(173, 'r', 'Anand', 'Ayer', '', '123', '', '9869406373', '9869424406', '', '', '0000-00-00', '54, 3rd Floor. Juhu Khadi Nivas', 'Gulmohar Road, opp. Axis Bank', 'Vileparle west', '400049', 'Mumbai', 'm', '', 'Team one website', '2014-12-01 11:22:41', '1'),
(174, 'c', 'Mayur', 'Mehta', '', '123', 'OFFICIAL', '9870094514', '', '', '2223092150', '0000-00-00', 'Gala No. 27, Deen Bldg. Compound, Opp Pragati Ind. Estate, Delied Rd.\n', 'N.M JOSHI MARG LOWER PAREL', 'Lower parel', '400013', 'Mumbai', 'm', '', 'Team one website', '2014-12-01 11:26:33', '1'),
(175, 'r', 'Vikas ', 'Shivaraman', '', '123', '', '9819428266', '', '', '', '0000-00-00', 'G-1204,Oberoi Splendor, JVLR Rd.\n', 'Opp Majas Bus Depot', 'Andheri east', '400093', 'Mumbai', 'm', '', 'Team one website', '2014-12-01 11:40:41', '1'),
(176, 'r', 'Cedric', 'Crasto', 'cedriccrasto3@hotmail.com', '123', '', '9869489640', '', '', '', '0000-00-00', 'G-1002,Oberoi Splendor, JVLR Rd.\n', 'Opp Majas Bus Depot', 'Andheri east', '400093', 'Mumbai', 'm', '', 'Team one website', '2014-12-01 11:46:00', '1'),
(177, 'r', 'Subhash ', 'Jhalla', '', '123', '', '9322223025', '', '', '02225218429', '1969-12-31', '1B-51,52, Kalpataru Aura, LBS Marg\n', 'Opp R-city Mall', 'Ghatkopar West', '400086', 'Mumbai', 'm', '', 'Team one website', '2014-12-01 11:55:57', '1'),
(178, 'r', 'Mahender', 'Shah', '', '123', '', '9323020528', '2221635640', '', '', '0000-00-00', '11 F 302, Neelam Nagar, Phase II\n', 'Opp. Kirit Somaya', 'Mulund East', '400081', 'Mumbai', 'm', '', 'Team one website', '2014-12-01 12:06:52', '1'),
(179, 'c', 'Mahindra Holidays 	', '', '', '123', 'OFFICIAL', '9869404977', '', '', '', '0000-00-00', 'Vashi Navi Mumbai\n', 'BSEL Tech Park Navi Mumbai', 'Vashi', '400705', 'Mumbai', 'm', '', 'Team one website', '2014-12-01 12:18:31', '1'),
(180, 'c', 'M/S', 'Syapse', ' ', '123', 'M/S Syapse Works India Pvt. Ltd.', '9833130851', '', '', '', '0000-00-00', 'A-302, Oxford Chembar, Sakivihar Rd. Tunga Village.', 'Opp sakivihar Telaphone Exchange', 'Andheri East', '400072', 'Mumbai', 'm', '', 'Team one website', '2014-12-02 05:56:43', '1'),
(181, 'r', 'Ketan', 'Thakkar', '', '123', '', '9223266769', '9930600515', '', '', '0000-00-00', '1F /162,  Kalpataru Aura, LBS Marg\n', 'Opp R-city Mall', 'Ghatkopar West', '400086', 'Mumbai', 'm', '', 'Team one website', '2014-12-02 06:06:08', '1'),
(182, 'r', 'Chandrashekhar', 'Sakpal', 'sakpal@gmail.com', '123', '', '9819092719', '', '', '', '0000-00-00', '1C-172, Kalpataru Aura, LBS Marg\n', 'Opp R-city Mall', 'Ghtakopar west', '400086', 'Mumbai', 'm', '', 'Team one website', '2014-12-02 06:18:19', '1'),
(183, 'c', 'Lalit', 'Gunani', '', '123', 'La- Kaira', '9867133115', '', '', '', '0000-00-00', 'Silver Apt, Ground Floor, Shop No.2, ', 'Picko Road Bandra West', 'Bandra west', '400050', 'Mumbai', 'm', '', 'Team one website', '2014-12-02 06:28:12', '1'),
(184, 'r', 'Shikha', 'Gupta', '', '123', '', '9819824299', '', '', '', '0000-00-00', 'A- 1401, Kalpataru Aura, LBS Marg\n', 'Opp R-city Mall', 'Ghatkopar West', '400086', 'Mumbai', 'm', '', 'Team one website', '2014-12-02 06:36:29', '1'),
(185, 'r', 'Ankush', 'Chhabriya', '', '123', '', '9870033114', '', '', '', '0000-00-00', '1602, polaries, LBS Road.\n', 'Johanson and johanson', 'Mulund West', '400082', 'Mumbai', 'm', '', 'Team one website', '2014-12-02 07:06:05', '1'),
(186, 'r', 'Mr.', ' Ravikant', '', '123', '', '9167059418', '', '', '02228632727', '0000-00-00', 'Hydrabad Estate, Flat No.A/2, Napansi Road, Nest to SRP Camp.', 'Mahananda Dairy Goregaon East', 'Goregaon east', '400065', 'Mumbai', 'm', '', 'Team one website', '2014-12-02 08:15:20', '1'),
(187, 'c', 'Shvetal', 'Desai', 'shvetal@nividous.com', '123', 'Nividous Software Solutions Pvt Ltd', '9322251928', '', '', '', '1969-12-31', '201, Embassy Chambers, 3rd Road', 'Near Khar West Railway Station', 'Khar West', '400052', 'Mumbai', 'b', '', 'Pallavi gaggar', '2014-12-05 06:33:50', '1'),
(188, 'r', 'Mr.', 'Chandu', '', '123', '', '8879207050', '', '', '', '0000-00-00', 'Bldg 03/7  2nd floo, Dhanji Estate, Zaveri Bazar\n', 'Abddul Rehman Street', 'Mumbai', '400003', 'Mumbai', 'm', '', 'Team one website', '2014-12-05 08:55:05', '1'),
(189, 'r', 'Sandeep', 'Dhariya', '', '123', '', '9819966649', '', '', '', '0000-00-00', 'A 5,Ground floor oberoy Block Bhardawadi. Nr. Navrang Theatre.', 'J P Road Andheri West', 'Andheri west', '400058', 'Mumbai', 'm', '', 'Team one website', '2014-12-05 09:07:17', '1'),
(190, 'r', 'Nagma', 'Morarji', '', '123', '', '9820010551', '', '', '', '0000-00-00', 'Plot No.401, Arjuna tower.\n', 'Mount Mary Road BANDRA(WEST)', 'Bandra west', '400050', 'Mumbai', 'm', '', 'Team one website', '2014-12-05 09:18:06', '1'),
(191, 'r', 'Nagma', 'Morarji', '', '123', '', '9820010551', '', '', '', '0000-00-00', 'Plot No.401, Arjuna tower.\n', 'Mount Mary Road BANDRA(WEST)', 'Bandra west', '400050', 'Mumbai', 'm', '', 'Team one website', '2014-12-05 09:18:06', '1'),
(192, 'c', 'Pradeep Kumar Singh', 'Associates', '', '123', 'OFFICIAL', '9594646696', '', '', '', '0000-00-00', '315, Kala Bhavan.', 'Mathew Rd, Opera House, Girgaon.', 'Girgaon', '400004', 'Mumbai', 'm', '', 'Team one website', '2014-12-05 09:29:48', '1'),
(193, 'r', 'Jaswant', 'Sanghani', 'divyasangani807@gmail.com', '123', '', '9967232733', '8652358419', '', '', '0000-00-00', '15 Kothari Estate.Gulshan Galli.', 'Ambajidham', 'Mulund west', '400080', 'Mumbai', 'm', '', 'Team one website', '2014-12-05 09:39:36', '1'),
(194, 'r', 'Paresh', 'Giridhar', 'tonaggirdhar_tpg@gmail.com', '123', '', '9987068773', '9892169756', '', '259176601', '0000-00-00', 'A-1 Sunil Tulsirm Society\n', 'Mulund  Colony, Opp. Chheda Petrol Pump, LBS Marg', 'Mulund west', '400080', 'Mumbai', 'm', '', 'Team one website', '2014-12-05 09:55:23', '1'),
(195, 'r', 'Pioneer', 'Pharma', '', '123', 'OFFICIAL', '9867380503', '', '', '', '0000-00-00', '80 New Unique industrial Estate, LBS Marg.\n', 'Dr. R. P. Road, Mulund west', 'Mulund west', '400080', 'Mumbai', 'm', '', 'Team one website', '2014-12-05 10:03:12', '1'),
(196, 'c', 'Chandrakant ', 'Kapadia', '', '123', 'OFFICIAL', '9892530980', '2225694766', '', '', '0000-00-00', '301, Bhilleshwer Tower.\n', 'Panch Rasta Mulund (w)', 'Mulund west', '400080', 'Mumbai', 'm', '', 'Team one website', '2014-12-05 10:20:19', '1'),
(197, 'r', 'Ravi ', 'Kukreja', '', '123', '', '9821031168', '', '', '222839339', '0000-00-00', 'E-2502, Oberoi Splendor, JVLR Rd.\n', 'Opp Majas Bus Depot', 'Andheri east', '400093', 'Mumbai', 'm', '', 'Team one website', '2014-12-05 10:24:57', '1'),
(198, 'r', 'Mitesh ', 'Zaveri', '', '123', '', '9004235110', '', '', '', '0000-00-00', '502,Shantaram Bldg. ', 'Tiny Tots School, Bhai Thakkar Rd.', 'Vileparle East', '400057', 'Mumbai', 'm', '', 'Team one website', '2014-12-05 10:39:57', '1'),
(199, 'r', 'Ravi', 'Kukreja', '', '123', 'OFFICIAL', '9821031163', '', '', '0226850910', '0000-00-00', 'Studio 150, New Satguru Nanak Ind. Estate. Plot  No.498', 'Standard Chartered Towers,Western Express Highway.', 'Goregaon East', '400063', 'Mumbai', 'm', '', 'Team one website', '2014-12-05 11:28:34', '1'),
(200, 'c', 'Dr.', 'Patil', '', '123', 'Ashwini Homeopathic Clinic.', '9820571571', '', '', '', '1969-12-31', 'Ashwini Homeopathic Clinic, B/29/03', 'Sector 15, Opp. Vijaya bank', 'Vashi', '400703', 'Navi Mumabai', 'm', '', 'Team one website', '2014-12-05 11:38:01', '1'),
(201, 'r', 'Imtiyaz', 'Roshan', 'imtiyazroshan@yahoo.co.in', '123', '', '9820020686', '', '', '', '0000-00-00', 'Bostan Apt.2/A, 3rd Floor, Flat No. 33\n', ' Bellasis road, Opp. Bus Depot,Mumbai central', 'Mumbai Central', '400008', 'Mumbai', 'm', '', 'Team one website', '2014-12-05 12:45:32', '1'),
(202, 'r', 'Guruvinder', 'Kaur', '', '123', '', '9920925108', '', '', '', '0000-00-00', 'Hno- 3 Gururnanak Nagar,\n', 'Opp. Gurudwara, Gurunanak Nagar.', 'Ghatkopar west', '400086', 'Mumbai', 'm', '', 'Team one website', '2014-12-05 12:59:16', '1'),
(203, 'r', 'Nimish', 'Ashar', '', '123', '', '9819446853', '', '', '', '0000-00-00', '1D-182,  Kalpataru Aura, LBS Marg\n', 'Opp R-city Mall', 'Ghatkopar West', '400086', 'Mumbai', 'm', '', 'Team one website', '2014-12-05 13:00:28', '1'),
(204, 'r', 'Gaurav', 'Madan', '', '123', '', '9819730403', '', '', '', '0000-00-00', 'C -14, 3rd floor, Shivkrishnadham Chs. LBS Road.\n', 'Shloka Restaurants, Veena Nagar', 'Mulund west', '400080', 'Mumbai', 'm', '', 'Team one website', '2014-12-06 05:42:08', '1'),
(205, 'r', 'Nimesh', 'Shah', 'njshah_1977@yahoo.com', '123', '', '9820271217', '', '', '', '0000-00-00', '3E-131,Kalpataru Aura, LBS Marg\n', 'Opp R-city Mall', 'Ghatkopar West', '400086', 'Mumbai', 'm', '', 'Team one website', '2014-12-06 05:46:54', '1'),
(206, 'r', 'Mr.', 'Gandhi', '', '123', 'Official', '9820033950', '9321017766', '', '02225019000', '0000-00-00', '101 B Kailash Plaza, above ICICI Bank.\n', 'Nr.Odeon Theater, V.B. Lane.', 'Ghatkopar East', '400077', 'Mumbai', 'm', '', 'Team one website', '2014-12-06 06:00:12', '1'),
(207, 'r', 'Mr.', 'Gandhi', '', '123', '', '9820033950', '9321017766', '', '02225019000', '1969-12-31', '101 B Kailash Plaza, above ICICI Bank.\n', 'Odean Cinema Hall.', 'Ghatkopar East', '400077', 'Mumbai', 'b', '', 'Team one website', '2014-12-06 06:00:12', '1'),
(208, 'c', 'Mr.', 'Gandhi', '', '123', '(Gandhi ', '9820033950', '932107766', '', '', '0000-00-00', '201, Shantinath Tower.\n', 'Sudha Park Ghatkopar (E)', 'Ghatkopar East', '400077', 'Mumbai', 'm', '', 'Team one website', '2014-12-06 06:17:02', '1'),
(209, 'r', 'Damodar', 'Sahu', '', '123', '', '7303102337', '9324053334', '', '', '0000-00-00', '1A-171 ,  Kalpataru Aura, LBS Marg\n', 'Opp R-city Mall', 'Ghatkopar west', '400086', 'Mumbai', 'm', '', 'Team one website', '2014-12-06 06:23:02', '1'),
(210, 'r', 'Santosh', 'Jha', '', '123', '', '9820029746', '', '', '', '0000-00-00', '3-C / 43, Kalpataru Aura, LBS Marg\n', 'OPP. Shreyas Cinema', 'Ghatkopar West', '400086', 'Mumbai', 'm', '', 'Team one website', '2014-12-06 06:26:09', '1'),
(211, 'r', 'Meghna ', 'Kishor', '', '123', '', '9930612234', '', '', '', '0000-00-00', 'C- 1301, Ashoka Tower.\n', 'Opp. Bharatmata Cinema Hall.', 'Parel East', '400012', 'Mumbai', 'm', '', 'Team one website', '2014-12-06 06:33:38', '1'),
(212, 'r', 'Hamidulla', 'Khan', 'rahmankhan237@gmail.com', '123', '', '9892754865', '9833588689', '', '', '0000-00-00', 'Noor Manjil. B-22, 2nd Floor, Nr. Skyway Hotel.\n', 'Next to Sheetal Cinema', 'Kurla West', '400070', 'Mumbai', 'm', '', 'Team one website', '2014-12-06 06:40:53', '1'),
(213, 'r', 'Manpreet singh', 'Duggal', 'msduggal01@gmail.com', '123', '', '9004927970', '', '', '2225176970', '0000-00-00', '3B-184,  Kalpataru Aura, LBS Marg\n', 'Opp R-city Mall', 'Ghatkopar West', '400086', 'Mumbai', 'm', '', 'Team one website', '2014-12-06 06:45:47', '1'),
(214, 'r', 'Vijayshree', 'Balasubramaniam ', '', '123', '', '9820291502', '', '', '', '0000-00-00', 'A - 303, Savitri Apts, Plot No.105B,', 'Nerul', 'Nerul', '400706', 'Navi Mumbai', 'm', '', 'Team one website', '2014-12-06 06:59:33', '1'),
(215, 'r', 'Ravi', 'Vishwakarma', '', '123', '', '9820178977', '', '', '', '0000-00-00', 'Vishwakarma Compound, S.N.Dubey Rd.', 'Rawalpada', 'Dahisar East', '400068', 'Mumbai', 'm', '', 'Team one website', '2014-12-06 07:07:45', '1'),
(216, 'r', 'Vinod', 'Luthria', '', '123', '', '9987035275', '', '', '', '0000-00-00', 'Flat No. 1o4, Namshivay Bldg.\n', 'Above Trupati Farsan Chembur', 'Chembur East', '400071', 'Mumbai', 'm', '', 'Team one website', '2014-12-06 07:17:37', '1'),
(217, 'r', 'Techno', 'Export', '', '123', '', '9820271217', '', '', '', '0000-00-00', '11-B, 2nd, Ghanshyam Industrial Estate\n', 'ANDHERI WEST', 'Andheri west', '400053', 'Mumbai', 'm', '', 'Team one website', '2014-12-06 07:32:41', '1'),
(218, 'c', 'M/S', 'DJF', 'karuna@djf.co.in', '123', '', '9820271217', '', '', '', '0000-00-00', '14 Samrat Mill Compound.', 'Godrej Petrol Pump', 'Vikhroli west', '400079', 'Mumbai', 'm', '', 'Team one website', '2014-12-06 07:45:03', '1'),
(219, 'r', 'Glen ', 'Sequeira', '', '123', '', '9920522658', '', '', '2228340965', '0000-00-00', 'B-806, Oberoi Splendor, JVLR Rd.\n', 'Opp Majas Bus Depot', 'Andheri East', '400093', 'Mumbai', 'm', '', 'Team one website', '2014-12-06 07:57:22', '1'),
(220, 'r', 'Shankar', 'Amberkar', '', '123', '', '9819585941', '', '', '', '0000-00-00', 'Muktal Bldg. 102/1st floor, Bavala Compound. Dr. Dattaram Lad Marg.', 'Behind Ganesh Talkies', 'Chinchpokli East', '400012', 'Mumbai', 'm', '', 'Team one website', '2014-12-06 08:09:08', '1'),
(221, 'r', 'Mr.', 'Vinay', '', '123', '', '9769990510', '', '', '', '0000-00-00', 'Orchard Residency, Flat  No.1102, Tower No.10\n', 'Behind R- CITY Mall.', 'Ghatkopar West', '400086', 'Mumbai', 'm', '', 'Team one website', '2014-12-06 08:17:21', '1'),
(222, 'r', 'Rahul', 'Banka', '', '123', '', '9867022600', '9619203560', '', '', '0000-00-00', 'Flat No. 407, ''B'' wing Panchsheela-3\n', 'Raheja Township, Off.Western Express Highway', 'Malad East', '400097', 'Mumbai', 'm', '', 'Team one website', '2014-12-06 08:41:41', '1'),
(223, 'r', 'Naini ', 'Madaan', '', '123', '', '9820271217', '', '', '', '0000-00-00', 'Flat No. 163, Juhu Natraj Bldg, Gulmohar cross cut Rd.\n', 'Nr. Ecloe Mondiale School, JVPD Scheme juhu', 'Juhu', '400049', 'Mumbai', 'm', '', 'Team one website', '2014-12-06 09:11:25', '1'),
(224, 'r', 'Sanjay ', 'Mehta', 'mehta@imprezzive.com', '123', '', '9930901350', '', '', '', '0000-00-00', 'D- 1603, Oberoi Splendor, JVLR Rd.\n', 'Opp Majas Bus Depot', 'Andheri East', '400093', 'Mumbai', 'm', '', 'Team one website', '2014-12-06 09:25:12', '1'),
(225, 'c', 'Nikshit', 'Gada', '', '123', 'Glitorium Plus.\n', '9769777700', '123456789', '', '', '1969-12-31', 'Opp.Vikhroli Fire Station, LBS Road.\n ', 'Opp. Vikhroli Fire Station.', 'Ghatkopar west', '400079', 'Mumbai', 'm', '', 'Team one website', '2014-12-06 09:51:40', '1'),
(226, 'r', 'Hari', 'Surya', '', '123', '', '9833932080', '', '', '', '0000-00-00', 'Flat No. 105, ''A'' Wing, Akruti Apt.\n', 'Sec-14, Palm Beach Road.', 'Sanpada', '400705', 'Navi Mumbai', 'm', '', 'Team one website', '2014-12-06 10:14:59', '1'),
(227, 'r', 'Miss', 'Nisha', '', '123', '', '9820748952', '', '', '', '0000-00-00', 'A/3, Krishna Kunj. V.B.Lane.', 'Opp. Parasdham Temple.', 'Ghatkopar East', '400077', 'Mumbai', 'm', '', 'Team one website', '2014-12-06 10:28:47', '1'),
(228, 'r', 'Jagdish', 'Thakkar', '', '123', '', '9820144090', '', '', '', '0000-00-00', 'Vikas Paradise,Tower No- 3, ''B'' Wing, Flat No. 1002, 10th Floor.\n', 'Opp. Balrajeshwar Temple.', 'Mulund west', '400080', 'Mumbai', 'm', '', 'Team one website', '2014-12-06 10:39:01', '1'),
(229, 'r', 'Mahesh ', 'Utge', 'mahesh.utge@gmail.com', '123', '', '9819793796', '9223127981', '', '', '0000-00-00', 'Flat No.11, Paramhans Soc. Postal Colony Rd.', 'Sion trombay Road', 'Chembur', '400071', 'Mumbai', 'm', '', 'Team one website', '2014-12-06 10:51:08', '1'),
(230, 'c', 'Mahesh ', 'Utge', '', '123', 'Vividha Boutique\n', '9819810819', '', '', '', '0000-00-00', 'Vividha Boutique, Murga Galli, Tagore Nagar\n', 'Opp. Visava wine Mart ', 'Vikhroli East', '400083', 'Mumbai', 'm', '', 'Team one website', '2014-12-06 11:19:11', '1'),
(231, 'r', 'Abdul', 'Rehman', '', '123', '', '9821780635', '', '', '', '0000-00-00', 'Flat No. 14, Ground Floor,Rassiwala Compound, Pipe Road\n', 'Opp. Akash Dairy', 'Kurla West', '400070', 'Mumbai', 'm', '', 'Team one website', '2014-12-06 11:36:10', '1'),
(232, 'r', 'Jatin', 'Mehta', '', '123', '', '9820100672', '', '', '', '0000-00-00', '207/5630, Aita Kutir, 3rd Floor, R. N. Narkar Marg\n', 'Odean Cinema Hall.', 'Ghatkopar East.', '400077', 'Mumbai', 'm', '', 'Team one website', '2014-12-06 11:50:36', '1'),
(233, 'r', 'M/S', 'S.R.Electricals', '', '123', 'Official', '9820027127', '', '', '', '0000-00-00', '215, 2nd Floor, Jhalwar Bldg. Patnwala Compound,\nLBS. Marg.', 'OPP. Shreyas Cinema', 'Ghatkopar west', '400086', 'Mumbai', 'm', '', 'Team one website', '2014-12-06 11:59:23', '1'),
(234, 'r', 'Yogesh', 'Nanda', '', '123', '', '9594075563', '', '', '', '0000-00-00', 'D-301, Kailash Esplande,', 'Amrut Nagar,Ghatkopar (W)', 'Ghatkopar West', '400086', 'Mumbai', 'm', '', 'Team one website', '2014-12-06 12:06:17', '1'),
(235, 'c', 'M/S', 'Brahmencha Associate', '', '123', 'Official', '9821173292', '', '', '', '0000-00-00', '535,Avior\n', 'Nirmallifestyle Mall', 'Mulund West', '400080', 'Mumbai', 'm', '', 'Team one website', '2014-12-06 12:18:45', '1'),
(236, 'c', 'M/S', 'Oriental Jewellery Manufacturing Pvt. Ltd.', '', '123', 'Official', '9820271217', '', '', '', '0000-00-00', '114, 3rd Bhoiwada, Bhuleshwar, Nr. Phool Galli\n', 'Nr.Mumbadevi Temple', 'Mumbai', '400002', 'Mumbai', 'm', '', 'Team one website', '2014-12-06 12:32:14', '1'),
(237, 'r', 'K.B.', 'Mehta', '', '123', '', '9821907570', '', '', '', '0000-00-00', 'Bldg.No. 45, Room No.1345, Pantnagar', 'Near Post Office Ghatkopar (E)', 'Ghatkopar East', '400075', 'Mumbai', 'm', '', 'Team one website', '2014-12-06 12:42:08', '1'),
(238, 'r', 'Shirish', 'Pulaskar', '', '123', '', '9867604464', '', '', '', '0000-00-00', 'A/11, Devikrupa, Behind Chandrganga Hospital, v.b.phadke Road.', 'Neelam Nagar,Mulund(E)', 'Mulund East', '400081', 'Mumbai', 'm', '', 'Team one website', '2014-12-06 12:55:34', '1'),
(239, 'r', 'S.L.', 'Mondkar', '', '123', '', '9821110191', '', '', '', '0000-00-00', 'Willow Tower, Swapna Nagari', 'Veena Nagar', 'Mulund West', '400080', 'Mumbai', 'm', '', 'Team one website', '2014-12-06 13:06:44', '1'),
(240, 'c', 'My ', 'Task', 'sohil.viradia@tratagroup.com', '123', '', '9820676996', '', '', '', '0000-00-00', '309-317, Jhalawar, Patnwala Compound,LBS Marg.', 'OPP. Shreyas Cinema', 'Ghatkopar West', '400086', 'Mumbai', 'm', '', 'Team one website', '2014-12-08 06:46:16', '1'),
(241, 'r', 'Prachi', 'Gaggar', '', '123', '', '9820777092', '', '', '26046054', '0000-00-00', '51, Premal Building, 14 Sarojini Naidu Road,', 'Behind Arya Samaj Mandir', 'Santacruz West', '400054', 'Mumbai', 'm', '', 'Team one website', '2014-12-08 06:59:37', '1'),
(242, 'r', 'Mr.', 'Milind', '', '123', '', '9920203284', '', '', '', '1969-12-31', '110 Muncipal Trenatment, 8/6 B.G. Mahajani Road', 'Near Fatima Church', 'Sewree', '400015', 'Mumbai', 'm', '', 'Team one website', '2014-12-08 07:11:11', '1'),
(243, 'r', 'M/S', 'Pharma Agency', 'ppc-vora22@yahoo.co.in', '123', 'Official', '9820058041', '', '', '25006446', '1969-12-31', 'D- 402, Kailash Esplands, LBS Road,', 'OPP. Shreyas Cinema', 'Ghatkopar West', '400086', 'Mumbai', 'm', '', 'Team one website', '2014-12-08 07:18:32', '1'),
(244, 'r', 'Nanda ', 'Naik', '', '123', '', '9869489753', '', '', '', '0000-00-00', 'A- 101, Preetam Park, Thakur Complex.', 'Opp. Cambridge International School', 'Kandivali East', '400067', 'Mumbai', 'm', '', 'Team one website', '2014-12-08 08:11:17', '1'),
(245, 'r', 'A.C.', 'Soni', '', '123', '', '9867674624', '', '', '', '0000-00-00', 'Sabri Shikhar Room No. 602, 4/34, R.C. Marg.', 'Opp.Swami Vivekanand school Sindhi Society', 'Chembur', '400071', 'Mumbai', 'm', '', 'Team one website', '2014-12-08 08:23:02', '1'),
(246, 'r', 'Hanuman', 'Gupta', '', '123', '', '9619609097', '', '', '', '0000-00-00', 'Thakur Raghudas Chawll No.11, Room No.7.', 'Patelwadi pipe line ', 'Kurla west', '400070', 'Mumbai', 'm', '', 'Team one website', '2014-12-08 11:50:02', '1'),
(247, 'c', 'B.D.', 'Transport', '', '123', 'Official', '9920092900', '', '', '', '0000-00-00', '2A-181/182, 18th Floor, Kalpataru Aura, LBS Marg\n', 'Opp R-city Mall', 'Ghatkopar West', '400086', 'Mumbai', 'm', '', 'Team one website', '2014-12-08 11:53:21', '1'),
(248, 'c', 'Matrix Distributer', 'Pvt. Ltd.', '', '123', 'Official', '8108500055', '', '', '', '0000-00-00', '16,Anand Estate, 189-A, Sane Guruji Marg,', 'Opp. Arthur Road jail', 'Chinchpokali ', '400011', 'Mumbai', 'm', '', 'Team one website', '2014-12-08 12:01:03', '1'),
(249, 'r', 'Sagar', 'Palnitkar', '', '123', '', '9967325000', '9892155001', '', '', '0000-00-00', '18, Giriraj Bldg. Sant Namdev Path. Gokhale Road.', 'Nr. Bhagwati High school Thane', 'Thane west', '400602', 'Mumbai', 'm', '', 'Team one website', '2014-12-08 12:07:43', '1'),
(250, 'r', 'Sagar', 'Palnitkar', '', '123', '', '9967325000', '9892155001', '', '', '0000-00-00', '18, Giriraj Bldg. Sant Namdev Path. Gokhale Road.', 'Nr. Bhagwati High school Thane', 'Thane west', '400602', 'Mumbai', 'm', '', 'Team one website', '2014-12-08 12:07:43', '1'),
(251, 'r', 'Dipesh', 'Kothari', '', '123', '', '9820836360', '', '', '', '0000-00-00', '  Flat No.1601, 16th Floor, ''A''  Wing,Gundecha Garden,\n', 'Near Gas Compound', 'Lalbaug', '400012', 'Mumbai', 'm', '', 'Team one website', '2014-12-08 12:13:14', '1'),
(252, 'c', 'Access Life Assistance', 'Foundation', '', '123', 'Official', '9821806685', '', '', '', '0000-00-00', 'Jally Land Co- Op. Soc. Bunglow No. 6, Ghantale village Rd.\n', 'Nr. Maitri Park', 'Chembur East', '400071', 'Mumbai', 'm', '', 'Team one website', '2014-12-08 12:21:36', '1'),
(253, 'r', 'Rajendra ', 'Kadam', '', '123', '', '9819556125', '', '', '', '0000-00-00', '1/17, Pancharati Chs, Kajupada.Bhatwadi', 'Near Shivsena Office ', 'Ghatkopar West', '400084', 'Mumbai', 'm', '', 'Team one website', '2014-12-08 12:29:24', '1'),
(254, 'r', 'Sushma', 'Shyamkul', '', '123', '', '9820484837', '', '', '', '0000-00-00', 'B/ 703 Oasis Bldg. LBS Road,', 'Nr.Vasant Oscar Complex ', 'Mulund West', '400080', 'Mumbai', 'm', '', 'Team one website', '2014-12-08 12:35:22', '1'),
(255, 'r', 'Mayuresh', 'Tendulkar', '', '123', '', '9820254362', '8378996562', '', '2228749200', '0000-00-00', '7 Madhumilan, Maratha Vaibhav Co-Op. Soc.\nPandurangwadi', 'Road No.-6, Nr. Masurashram ', 'Goregaon East', '400063', 'Mumbai', 'm', '', 'Team one website', '2014-12-08 12:46:24', '1'),
(256, 'r', 'C.V.', 'Eshwaran', '', '123', '', '9820293465', '', '', '', '0000-00-00', '401, Abhilash Annex, 10th Road, 10th road', 'Sion trombay Road', 'Chembur', '400071', 'Mumbai', 'm', '', 'Team one website', '2014-12-08 13:19:42', '1'),
(257, 'r', 'Vishal', 'Construction', '', '123', 'Official', '9869202272', '', '', '', '0000-00-00', '3 Ghantale Sai Prasad Chs.', 'Sahyog Mandir path Ghantali Colony', 'Thane West', '400602', 'Mumbai', 'm', '', 'Team one website', '2014-12-08 13:24:17', '1'),
(258, 'r', 'Mr.', 'Veerbhau', '', '123', '', '9022767617', '', '', '', '0000-00-00', 'G4/402, Moraj Residency, Sector 16', 'Palm Beach Road', 'Sanpada', '400705', 'Navi Mumbai', 'm', '', 'Team one website', '2014-12-09 06:05:51', '1'),
(259, 'r', 'Ashok', 'Jain', '', '123', '', '9821078536', '', '', '', '0000-00-00', '903, Oberoi Splendor, JVLR Rd.', 'Opp Majas Bus Depot', 'Andheri East', '400093', 'Mumbai', 'm', '', 'Team one website', '2014-12-09 06:14:19', '1'),
(260, 'r', 'Tushar', 'Aggrawal', 'aggarwal.tushar@gmail.com', '123', '', '9869865333', '', '', '', '1969-12-31', '235, Vijay Bhavan, 10th Road,', 'Near Joy Hospital', 'Chembur East', '400071', 'Mumbai', 'm', '', 'Team one website', '2014-12-09 06:59:19', '1'),
(261, 'c', 'Dilip ', 'Dalal', '', '123', 'Official', '9323475002', '', '', '', '0000-00-00', ' E-5, Kailash Esplane Bldg, LBS. Marg', 'Amrut Nagar,Ghatkopar (W)', 'Ghatkopar West', '400086', 'Mumbai', 'm', '', 'Team one website', '2014-12-09 08:56:20', '1'),
(262, 'r', 'Girish', 'Nair', '', '123', '', '9820215154', '', '', '', '0000-00-00', 'C-1504, Palm Beach Road, Sector-3', 'Palm Beach Road', 'Nerul', '400705', 'Navi Mumbai', 'm', '', 'Team one website', '2014-12-09 11:09:44', '1'),
(263, 'r', 'Dolphy', 'D''suza', '', '123', '', '9820048807', '8080068111', '', '', '0000-00-00', 'G-1606, Oberoi,splendor.JVLR Road\n', 'Opp Majas Bus Depot', 'Andheri East', '400093', 'Mumbai', 'm', '', 'Team one website', '2014-12-09 11:45:02', '1'),
(264, 'r', 'Vinod ', 'Gada', '', '123', '', '9820271217', '', '', '', '0000-00-00', '1C-193-194, kalptaru Aura, ', 'Amrut Nagar,Ghatkopar (W)', 'Ghatkopar', '400086', 'Mumbai', 'm', '', 'Team one website', '2014-12-09 12:38:45', '1'),
(265, 'r', 'Krishna', 'Tiwari', '', '123', '', '9820222652', '', '', '', '0000-00-00', 'A-202, Sector-3,', 'Palm Beach Road', 'Nerul', '400705', 'Mumbai', 'm', '', 'Team one website', '2014-12-09 12:51:19', '1'),
(266, 'r', 'Diraj', 'Gada', '', '123', '', '9820271217', '', '', '', '0000-00-00', '1C-181-182, Kalpataru Aura, LBS Marg\n', 'Opp R-city Mall', 'Ghatkopar West', '400086', 'Mumbai', 'm', '', 'Team one website', '2014-12-09 12:59:26', '1'),
(267, 'r', 'Growthwell', 'Consultancy', '', '123', '', '9820271217', '', '', '', '0000-00-00', 'B-705/ 706, Kanara Business, Centre\n', 'Ghatkopar Bus Depot', 'Ghatkopar West', '400086', 'Mumbai', 'm', '', 'Team one website', '2014-12-09 13:06:22', '1'),
(268, 'r', 'Parag', 'Joshi', '', '123', '', '9820365246', '', '', '', '0000-00-00', 'A- 205,Malikarjun kandarpada, New link Rd, Opp.\nMacdonald.', 'Next Building of Natural Ice Cream.', 'Dahisar West', '400068', 'Mumbai', 'm', '', 'Team one website', '2014-12-11 09:40:44', '1'),
(269, 'c', 'Shwet Ratan', 'Impex', '', '123', 'Official', '9820271217', '', '', '02223447121', '0000-00-00', '39, Shyam Seth Street, 2nd Floor,', 'Zaveri Bazar', 'Mumbai', '400002', 'Mumbai', 'm', '', 'Team one website', '2014-12-11 09:47:25', '1');
INSERT INTO `customer` (`cust_id`, `account_type`, `first_name`, `last_name`, `email`, `password`, `organisation`, `mobile`, `alternate_mobile`, `alternate_contact`, `phone`, `dob`, `address`, `landmark`, `location`, `pincode`, `city`, `mode_of_contact`, `remarks`, `reference`, `created_on`, `enabled`) VALUES
(270, 'r', 'Karansingh', 'Sodi', 'karan.sodi@gmail.com', '123', '', '8879656605', '', '', '022265600232', '1969-12-31', 'Aster Apartment, ''C'' Wing. Flat No.912, Antop hill Durgah.', 'DOSTI ACRESS WADALA', 'Wadala East', '400037', 'Mumbai', 'm', '', 'Team one website', '2014-12-11 10:12:28', '1'),
(271, 'r', 'Tanuja', 'Gupta', '', '123', '', '9820271217', '', '', '', '0000-00-00', 'F/ 1602, Oberoi Splendor, JVLR Rd', 'Opp Majas Bus Depot', 'Andheri East', '400093', 'Mumbai', 'm', '', 'Team one website', '2014-12-11 10:24:17', '1'),
(272, 'r', 'Nikshit', 'Morakhiya', '', '123', '', '9930242537', '', '', '', '0000-00-00', '2nd Floor, 26/28, Tejniketan Bldg.', 'Babulnath shiv Mandir', 'Girgaon', '400007', 'Mumbai', 'm', '', 'Team one website', '2014-12-11 10:36:03', '1'),
(273, 'r', 'Tarun', 'Ghosh', '', '123', '', '9322604216', '9892134418', '', '', '0000-00-00', '602, Zenith Apartments.', 'P.K. Road.', 'Mulund West', '400080', 'Mumbai', 'm', '', 'Team one website', '2014-12-11 10:50:00', '1'),
(274, 'r', 'Satish', 'Nair', 'psatishnair@yahoo.com', '123', '', '9819669566', '', '', '02221636051', '0000-00-00', '402, Horizon Pearloop, Vijaya Bank,', 'Ganesh Gawade Cross Road', 'Mulund west', '400080', 'Mumbai', 'm', '', 'Team one website', '2014-12-11 11:11:02', '1'),
(275, 'c', 'Vipul', 'Mehta', '', '123', 'Centre of Excellence ', '9920403535', '', '', '', '0000-00-00', '203, jhalawar Building, Patanwala Compound.', 'OPP. Shreyas Cinema', 'Ghatkopar West', '400086', 'Mumbai', 'm', '', 'Team one website', '2014-12-11 11:45:30', '1'),
(276, 'r', 'Ashish', 'Bhansali', 'nabarts74@gmail.com', '123', '', '9930098847', '', '', '', '0000-00-00', 'C-204, Shreeji Heights, Plot No.1A, B.C.', 'Sector No- 46A, Palm Beach Road', 'Seawood', '400706', 'Mumbai', 'm', '', 'Team one website', '2014-12-11 11:58:01', '1'),
(277, 'r', 'tgrrtrtrt', 'rtyrty', '', '123', '', '5654554645', '', '', '', '0000-00-00', 'hjyjtjty', 'Opp Mumbai Samachar  Press', 'tyjtyjtyj', '400001', 'Mumbai', 'm', '', 'Direct Marketing', '2014-12-20 06:53:54', '1'),
(278, 'c', 'Ronak', 'Rathod', 'ronak@growthwell.com', '123', 'RONAK PVT LTD', '9920727342', '', '', '', '0000-00-00', 'Andheri', '4 Bunglow Andheri West', 'Andheri', '400058', 'Mumbai', 'm', '', 'Web', '2014-12-23 07:48:35', '1'),
(279, 'r', 'Aneesh ', 'Sivakumar', 'aneesh16@gmail.com', '123', '', '9930070507', '', '', '', '0000-00-00', '3B-101, Kalpataru Aura, LBS Road', 'Opp R-city Mall', 'Ghatkopar West', '400086', 'Mumbai', 'm', '', 'Girish Rahumalani', '2014-12-25 08:03:27', '1'),
(280, 'r', 'Varun ', 'Mundra', '', '123', '', '9004005520', '', '', '', '0000-00-00', '6 Krishna Chawl, Nr. BMC School, Sant Rohidas Marg.', 'Kala Killa, Dharavi (w)', 'Dharavi west', '400017', 'Mumbai', 'm', '', 'Team one website', '2014-12-26 09:42:23', '1'),
(281, 'r', 'Rohim ', 'Shaikh', '', '123', '', '9820646653', '', '\n\n\n\n\n\n', '', '0000-00-00', 'B-11, Noor Manzil, ', 'Skyway Hotel', 'Kurla west', '400070', 'Mumbai', 'b', '', 'Team one website', '2014-12-27 12:14:30', '1'),
(282, 'r', 'Sayed', 'Fayez', '', '123', '', '9930776413', '', '', '', '0000-00-00', '327, Almas Manzil,4th Floor,Room No.29/32.', 'Abddul Rehman Street', 'Crowfoot Market', '400003', 'Mumbai', 'm', '', 'Team one website', '2014-12-29 12:25:16', '1'),
(283, 'r', 'Shailesh', 'Kareliya', '', '123', '', '8879222329', '', '', '', '0000-00-00', '3/2, B ', 'Opp.Godrej Planet', 'Byculla', '400027', 'Mumbai', 'm', '', 'Team one website', '2014-12-29 12:46:12', '1'),
(284, 'r', 'Mitesh', 'Shah', '', '123', '', '9820213535', '', '', '', '0000-00-00', '502, Shatrunjay Apartment. M.G. Road.', 'Nr. Valkeshwar Mandir.', 'Vileparle west', '400049', 'Mumbai', 'm', '', 'Team one website', '2014-12-30 06:28:24', '1'),
(285, 'c', 'Pravin', 'Sawala', '', '123', 'J.P printers', '9821048882', '', '', '', '0000-00-00', 'Gala No.9, Chunilala Mehta Compound.', 'Nr.Retiwala industries Estate', 'Byculla ', '400027', 'Mumbai', 'm', '', 'Team one website', '2014-12-30 07:25:37', '1'),
(286, 'r', 'Jayesh', 'Zaveri', '', '123', '', '9920730568', '', '', '', '0000-00-00', '501, Satynarayan Bhavan, Road No-7', 'Daulat Nagar', 'Borivali East', '400066', 'Mumbai', 'm', '', 'Team one website', '2014-12-30 07:52:01', '1'),
(287, 'r', 'Kunal', 'Kothari', '', '123', '', '9892704501', '', '', '', '0000-00-00', 'G.K. jain Temple Trust Room No.7, Vrushabh Tower.', 'Nr. Nanavati School.', 'juhu', '400049', 'Mumbai', 'm', '', 'Team one website', '2015-01-02 09:42:15', '1'),
(288, 'r', 'Hitesh', 'Gurunani', '', '123', '', '9820271217', '', '', '', '0000-00-00', '401, Coste Bella, perry x road.', 'Near Otters Club, Bandra West', 'Bandra west', '400050', 'Mumbai', 'm', '', 'Team one website', '2015-01-02 13:17:16', '1'),
(289, 'r', 'Mr.', 'Paramanand.', '', '123', '', '9320014855', '', '', '', '0000-00-00', 'Shop No. 13,siddharth nagar, Sai Tirth Tower, Nr. Sarswat bank.', 'Opp. 12 Bunglow, kopari', 'Thane East', '400603', 'Mumbai', 'm', '', 'Team one website', '2015-01-03 08:54:05', '1'),
(290, 'r', 'Parimal', 'Vipani', '', '123', '', '9167588142', '', '', '', '0000-00-00', 'Oberoi Woods,A wing Flat No.3203.\n\n', 'Nr. Oberoi Mall', 'Goregaon east', '400063', 'Mumbai', 'm', '', 'Team one website', '2015-01-03 11:13:39', '1'),
(291, 'c', 'Mahendra', 'Jadhav.', '', '123', 'Official', '9820703362', '', '', '', '0000-00-00', 'Office No. 401, Great Eastern Galleria.', 'Sec- 4,Nr. rajiv Gandhi Flyover', 'Nerul', '400706', 'Navi Mumbai', 'm', '', 'Team one website', '2015-01-05 12:18:51', '1'),
(292, 'c', 'Kerala ', 'Jewellers.', '', '123', 'Official', '9820271217', '', '', '', '0000-00-00', '10,Bhairav Kripa Bldg. Laxmi Nagar\n', 'N G Acharya Marg.', 'Chembur east', '400071', 'Mumbai', 'm', '', 'Team one website', '2015-01-05 12:53:21', '1'),
(293, 'r', 'Nevil', 'Joshi', '', '123', '', '9769648586', '', '', '', '0000-00-00', '61,Alayaz Apt.Dr. peter dias Road.\n', 'Nr. Mehboob Studio', 'Bandra West.', '400050', 'Mumbai', 'm', 'A-1 Electronics, Opera House.', 'Team one website', '2015-01-05 13:11:14', '1'),
(294, 'r', 'Fancy', 'Lights', '', '123', '', '9819634655', '', '', '25610626', '0000-00-00', '617 Eknath Apartments. M.G.Road.', 'opp. Kirti Mahal Hotel, M.G. Road. ', 'Mulund west', '400080', 'Mumbai', 'm', '', 'Team one website', '2015-01-06 13:12:30', '1'),
(295, 'r', 'Matrix ', 'Distributer', '', '123', '', '8108500055', '', '', '', '0000-00-00', '\n16, Anand Estate, 189-A, \n', 'Sane Guruji Marg', 'chinchpokali', '400011', 'Mumbai', 'm', '', 'Team one website', '2015-01-09 10:55:56', '1'),
(296, 'r', 'N.H.', 'Solanki', '', '123', '', '9821004007', '', '', '', '0000-00-00', '303, b wing, Anupam building, Nr. Gundecha Garden', 'Near Gas Compound', 'chinchpokali', '400012', 'Mumbai', 'm', 'Matrix call No.MAT14121903/C', 'Team one website', '2015-01-09 12:05:32', '1'),
(297, 'r', 'Ajit', 'pai', '', '123', '', '9987556482', '', '', '', '0000-00-00', 'C3, Chetana Apartments.', 'Jangal managal road, Nr. Abhudya Bank', 'Bhandup West', '400078', 'Mumbai', 'm', '', 'Team one website', '2015-01-09 12:46:39', '1'),
(298, 'r', 'Mahesh', 'Bajaj', '', '123', '', '9821125850', '', '', '', '0000-00-00', '17-3-a skyscraper beach candy', 'Next to American Consulate', 'Mahalaxmi', '400026', 'Mumbai', 'm', '', 'Team one website', '2015-01-12 09:18:36', '1'),
(299, 'r', 'Rajesh', 'Dodia', '', '123', '', '9821462134', '', '', '', '0000-00-00', 'B-402, Rajkamal,Nr. Junction of M.G. Road, \n', 'S.V.Road', 'Kandivali west', '400067', 'Mumbai', 'm', '', 'Team one website', '2015-01-12 12:11:06', '1'),
(300, 'r', 'Mr.', 'Jeetu', '', '123', '', '9820151414', '9619308755', '', '', '0000-00-00', 'Momence Fashion,Ashish Industrial Estate,', 'Gokhale Road', 'Dadar west', '400028', 'Mumbai', 'm', '', 'Team one website', '2015-01-12 12:27:44', '1'),
(301, 'r', 'Mr.', 'Jeetu', '', '123', '', '9820151414', '9619308755', '', '', '0000-00-00', 'Momence Fashion,Ashish Industrial Estate,', 'Gokhale Road', 'Dadar west', '400028', 'Mumbai', 'm', '', 'Team one website', '2015-01-12 12:27:45', '1'),
(302, 'c', 'M/S', 'PMI India.', 'mary.fernandes@pmi.org', '123', 'Office', '9820898759', '', '', '240700325', '0000-00-00', 'PMI Organization Center private Limited. Plot No.c-3,E, III Floor,Balaram', 'Behind Family Court', 'Bandra east', '400051', 'Mumbai', 'm', '', 'Team one website', '2015-01-12 13:12:14', '1');

-- --------------------------------------------------------

--
-- Table structure for table `customer_ac_details`
--

CREATE TABLE IF NOT EXISTS `customer_ac_details` (
  `ac_id` int(11) NOT NULL AUTO_INCREMENT,
  `cust_id` int(11) NOT NULL,
  `make` int(11) NOT NULL,
  `ac_type` varchar(20) NOT NULL,
  `capacity` varchar(20) NOT NULL,
  `odu_model_no` varchar(20) NOT NULL,
  `odu_serial_no` varchar(20) NOT NULL,
  `idu_model_no` varchar(20) NOT NULL,
  `idu_serial_no` varchar(20) NOT NULL,
  `ac_location` int(11) NOT NULL,
  `remarks` varchar(200) NOT NULL,
  PRIMARY KEY (`ac_id`),
  KEY `cust_id` (`cust_id`)
) ENGINE=InnoDB  DEFAULT CHARSET=latin1 AUTO_INCREMENT=351 ;

--
-- Dumping data for table `customer_ac_details`
--

INSERT INTO `customer_ac_details` (`ac_id`, `cust_id`, `make`, `ac_type`, `capacity`, `odu_model_no`, `odu_serial_no`, `idu_model_no`, `idu_serial_no`, `ac_location`, `remarks`) VALUES
(98, 72, 5, '1', '2', 'RTE35MV16', 'E002447', 'FTE35MV16', 'E002456', 7, ''),
(100, 73, 5, '1', '3', '', '', '', '', 10, ''),
(101, 73, 5, '1', '2', '', '', '', '', 7, ''),
(102, 73, 5, '1', '2', '', '', '', '', 8, ''),
(103, 73, 5, '1', '2', '', '', '', '', 9, ''),
(104, 74, 9, '2', '3', '', '', '', '', 4, ''),
(108, 187, 5, '1', '2', 'RC35PRV16', '0024016', 'FTC35PRV16', '00194559', 16, 'Installation done by Ajay'),
(109, 187, 5, '1', '2', 'RC35PRV16', '0024012', 'FTC35PRV16', '0019458', 6, 'Installation done by Ajay'),
(110, 187, 5, '1', '2', 'RC35PRV16', '002407', 'FTC35PRV16', '00194111', 4, 'Installation has been done by Ajay'),
(111, 187, 5, '1', '2', 'RC35PRV16', '00239355', 'FTC35PRV16', '0019847', 17, 'Installation has been done by Ajay'),
(112, 187, 5, '1', '2', 'RC35PRV16', '0024010', 'FTC35PRV16', '0094425', 15, 'Installation has been done.'),
(113, 187, 5, '1', '3', '0017342', 'RF50PRV16', '0017236', 'FTF50PRV16', 14, 'Installation has been done by Ajay'),
(114, 187, 5, '1', '3', 'RF50PRV16', '0017352', 'FTF50PRV16', '0017241', 11, 'Installation has been done by Ajay'),
(115, 260, 5, '1', '3', '', '', '', '', 7, ''),
(116, 78, 1, '1', '2', '', '', '', '', 10, 'installation has been done'),
(120, 164, 9, '1', '3', '', '', '', '', 7, 'Installation done'),
(121, 164, 9, '1', '3', '', '', '', '', 8, 'Installation done'),
(122, 164, 9, '1', '3', '', '', '', '', 9, 'Installation done.'),
(123, 164, 12, '1', '3', '', '', '', '', 10, 'installation done.'),
(124, 164, 12, '1', '3', '', '', '', '', 10, 'Installation done.'),
(125, 190, 12, '1', '19', '', '', '', '', 10, 'Installation done.'),
(126, 190, 12, '1', '19', '', '', '', '', 11, 'Installation done'),
(127, 190, 12, '1', '19', '', '', '', '', 7, 'Installation done.'),
(128, 190, 12, '1', '19', '', '', '', '', 8, 'Installation done.'),
(129, 136, 5, '1', '2', '', 'E009088', '', 'E001200', 9, 'Installation done.'),
(130, 136, 5, '1', '3', '', 'E061196', '', 'E041265', 10, 'Installation done.'),
(131, 136, 5, '1', '3', '', 'E065632', '', 'E066889', 10, 'Installation Done.'),
(132, 136, 5, '1', '3', '', 'E065629', '', 'E066879', 7, 'Installation done.'),
(133, 136, 5, '1', '3', '', 'E065633', '', 'E066900', 8, 'Installation done.'),
(135, 278, 1, '1', '2', '', '', '', '', 4, 'AC'),
(140, 279, 27, '1', '3', 'RAS-18N3AX', '22600232', 'RAS-18N3KPX', '22600294', 7, ''),
(141, 279, 27, '1', '2', 'RAS-13N3AX', '22601261', 'RAS-13N3KPX', '22600606', 8, ''),
(142, 279, 27, '1', '19', 'RAS-25N3AX', '22600374', 'RAS-25N3KPX', '22000410', 10, ''),
(145, 187, 5, '1', '2', 'FTC35PRV16', '0020910', 'FTC35PRV16 ', '00194111', 4, 'Only outdoor machine replaced with new one by  mosin.'),
(147, 193, 5, '1', '13', 'RE60NRV16', '0020481', 'FTE60NRV16', '0016980', 23, 'AMC Customer'),
(160, 280, 5, '1', '2', 'RC35PRV16', '0020867', 'FTC35PRV16', '0026128', 10, ''),
(164, 281, 5, '1', '2', 'SRC18CL6', '6394BE', 'SRK18CL6', '6447BE', 10, 'Installation done by gautam'),
(166, 282, 8, '1', '2', 'SRC13CLV6', '474717731BE', 'SRK13CLV6', '435917309BE', 10, 'Installation done by Niyaz'),
(167, 282, 8, '1', '2', 'SRC25K56', '560500500BE', 'SRK25CKS6', '530600528BE', 23, 'Installation done by Niyaz'),
(168, 283, 5, '1', '2', 'RC35PRV16', '0021886', 'FTC35PRV16', '0024191', 10, 'Installation done by Niyaz'),
(169, 272, 5, '1', '2', 'RC50PRV16', '0104008', 'FTC50PRV16', '0101490', 10, 'Installation done by Niyaz.'),
(170, 284, 8, '1', '3', 'SRC20CLS-6', '0397BE', 'SRK20CLS-6', '0335BE', 10, 'Installation done by Hamid.'),
(176, 286, 8, '1', '11', 'SRC13CLV16', '568200477BE', 'SRK13CLV16', '530400953BE', 4, 'Installation done by Naushad.'),
(177, 286, 8, '1', '11', 'SRC13CLV16', '568200379BE', 'SRK13CLV16', '530400946BE', 6, 'Installation done by Naushad.'),
(180, 285, 8, '1', '3', 'SRC18CL-6', '474109029BE', 'SRK18CL-6', '450603618BE', 4, 'Installation done by Mr. Sarvjeet.'),
(181, 285, 8, '1', '3', 'SRC18CL-6', '474109103BE', 'SRK18CL-6', '450603511BE', 6, 'Installation done by Sarvjeet.'),
(182, 225, 8, '1', '3', 'SRK20CLS', '568400194BEJ', 'SRC20CLS', '530500337BE8', 25, 'Installation done by Mr. Hameed.'),
(183, 287, 5, '1', '13', 'FTEL60PRV16', '27937200018949', 'REL60PRV1', '27936500042689', 10, 'Installation done by Mr. sarvjeet.'),
(189, 288, 11, '1', '3', 'AOG18FTTAO', 'T011871', 'ASG18FTTAL', 'T010930', 10, 'Installation done by Ajay Kumar.'),
(190, 288, 11, '1', '3', 'AOG18FTTAO', 'T011871', 'ASG18FTTAL', 'T010930', 10, 'Installation done by Ajay Kumar.'),
(191, 289, 11, '1', '2', 'ASG12BMTA', 'T005016', 'ASG12BMTA', 'T003557', 23, 'Installation done by hameed.'),
(192, 289, 11, '1', '2', 'ASG12BMTA', 'T005156', 'ASG12BMTA', 'T004218', 7, 'Installation done by Hamid.'),
(194, 176, 5, '1', '3', '', '', '', '', 7, 'installation done'),
(195, 176, 5, '1', '2', '', '', '', '', 8, 'installation done.'),
(196, 176, 5, '1', '2', '', '', '', '', 9, 'installation done'),
(197, 176, 5, '1', '13', '', '', '', '', 10, 'installation done.'),
(198, 116, 5, '1', '3', 'R50GV1G6', 'E033770', 'FT50V1G6', 'E043249', 10, 'Amc customer.'),
(199, 275, 28, '1', '3', 'Superia Plus Inverte', '4275', 'Superia Plus Inverte', '4291', 6, 'Installation done by Niyaz.'),
(200, 275, 28, '1', '3', 'Superia Plus Inverte', '4325', 'Superia Plus Inverte', '4302', 4, 'installation done by niyaz.'),
(201, 275, 28, '1', '3', 'Superia Plus Inverte', '4313', 'Superia Plus Inverte', '4290', 14, 'installation done by niyaz.'),
(202, 275, 28, '1', '3', 'Superia Plus Inverte', '4526', 'Superia Plus Inverte', '4289', 25, 'installation done by niyaz.'),
(203, 275, 28, '1', '2', 'Superia Plus Inverte', '2299', 'Superia Plus Inverte', '2183', 16, 'installation done by niyaz.'),
(204, 143, 5, '1', '3', '', '', '', '', 7, 'Amc Customer.'),
(205, 143, 5, '1', '2', '', '', '', '', 8, 'Amc customer.'),
(206, 143, 5, '1', '2', '', '', '', '', 9, 'Amc Customer.'),
(208, 143, 5, '1', '13', '', '', '', '', 10, 'Amc Customer.'),
(209, 291, 8, '1', '19', 'SRK25CKS-6', '568500258BE', 'SRK25CKS-6', '530600390BE', 25, 'Installation done by Deepak.'),
(210, 291, 8, '1', '2', 'SRK10CLV-6', '474503336BE', 'SRK10CLV-6', '435703328BE', 6, 'Installation done by Deepak.'),
(211, 292, 8, '1', '19', 'SRK25CKS-6', '568500897BE', 'SRK25CKS-6', '530600517BE', 25, 'Installation done by Deepak.'),
(212, 293, 5, '1', '2', 'RC60PRV16', '0007678', 'FTC35PRV16', '0014024', 10, 'Installation done by Deepak.'),
(213, 293, 5, '1', '2', 'RC60PRV16', '0007678', 'FTC35PRV16', '0014024', 10, 'Installation done by Deepak.'),
(214, 293, 5, '1', '2', 'RC35PRV16', '0021798', 'FTC60PRV16', '0008156', 23, 'Installation done by Deepak.'),
(215, 216, 6, '1', '2', '', '', '', '', 7, 'AMC Customer.'),
(216, 216, 29, '1', '3', '', '', '', '', 10, 'AMC Customer.'),
(217, 245, 5, '1', '2', 'RE35MV16', 'E016120', 'FTE35MV16', 'E016625', 26, 'AMC Customer.'),
(218, 245, 5, '1', '2', 'RE35MV16', 'E015896', 'FTE35MV16', 'E015583', 10, 'AMC Cuctomer.'),
(221, 218, 5, '1', '2', 'R50GV16', '6008625', 'FTE50GV16', '6007151', 10, 'AMC Customer.'),
(222, 81, 1, '1', '2', '', '', '', '', 26, 'AMC Customer.'),
(224, 294, 12, '1', '19', '', '', '', '', 10, 'AMC Customer.'),
(225, 112, 8, '1', '2', 'SRC12CM-6', '476300368BE', 'SRK12CM-6', '437500S10BE', 26, 'AMC Customer.'),
(226, 249, 5, '1', '2', '', '', 'FTC35PRV16', '0008547', 26, 'AMC Customer.'),
(227, 195, 23, '1', '19', '', '', '', '', 25, 'AMC Customer.'),
(228, 107, 5, '1', '19', '', '', '', '', 23, 'AMC Customer.'),
(229, 107, 5, '1', '2', '', '', '', '', 26, 'AMC Customer.'),
(230, 107, 5, '1', '2', '', '', '', '', 8, 'Amc Customer.'),
(232, 72, 3, '3', '8', '', '', '', '', 9, '1st'),
(233, 90, 7, '1', '3', '', '', '', '', 7, 'Amc Customer.'),
(234, 205, 27, '1', '3', '', '', '', '', 26, 'Amc Customer.'),
(235, 205, 27, '1', '19', '', '', '', '', 23, 'Amc customer.'),
(236, 205, 27, '1', '2', '', '', '', '', 10, 'Amc customer.'),
(237, 194, 1, '1', '2', '', '', '', '', 26, 'Amc customer.'),
(238, 87, 12, '1', '3', '', '', '', '', 26, 'Amc customer'),
(239, 72, 2, '2', '3', '', '', '', '', 4, '3'),
(240, 270, 25, '1', '3', '', '', '', '', 10, 'amc customer'),
(241, 106, 3, '1', '19', '', '', '', '', 23, 'Amc customer'),
(242, 106, 3, '1', '3', '', '', '', '', 7, 'Amc customer.'),
(243, 106, 3, '1', '2', '', '', '', '', 26, 'Amc customer.'),
(244, 185, 5, '1', '3', '', '', 'FTE50NRV16', '0084177', 7, 'Amc customer.'),
(246, 185, 5, '1', '13', '', '', 'FTE60NRV16', '0017655', 23, 'Amc Customer.'),
(247, 111, 5, '1', '19', '', '', '', '', 23, 'Amc customer'),
(249, 111, 5, '1', '2', '', '', '', '', 10, 'Amc customer'),
(250, 111, 5, '1', '2', '', '', '', '', 7, 'Amc customer.'),
(251, 111, 5, '1', '2', '', '', '', '', 26, 'Amc customer'),
(258, 154, 17, '1', '3', 'SB53CDEICR', '63229921225', 'SB53CDEI-CR', '63229921225', 23, 'Amc customer.'),
(259, 88, 10, '1', '2', '', '', '', '', 23, 'Amc customer.'),
(260, 150, 11, '1', '19', '', '', '', '', 23, 'Amc customer.'),
(261, 150, 11, '1', '3', '', '', '', '', 7, 'Amc customer.'),
(262, 150, 11, '1', '3', '', '', '', '', 26, 'Amc customer.'),
(263, 150, 11, '1', '19', '', '', '', '', 23, 'Amc customer.'),
(264, 150, 11, '1', '2', '', '', '', '', 8, 'Amc customer.'),
(265, 212, 5, '1', '2', 'R35MV16', 'E028959', 'FTE35MV16', 'E028947', 26, 'Amc customer.'),
(266, 109, 28, '1', '2', '', '', '', '', 26, 'Amc customer.'),
(267, 109, 28, '1', '2', '', '', '', '', 7, 'Amc Customer'),
(268, 109, 28, '1', '2', '', '', '', '', 27, 'Amc customer.'),
(269, 109, 28, '1', '2', '', '', '', '', 23, 'Amc customer.'),
(272, 251, 15, '1', '2', '', '', '', '', 26, 'Amc customer.'),
(273, 251, 15, '1', '2', '', '', '', '', 7, 'Amc customer.'),
(274, 251, 15, '1', '3', '', '', '', '', 23, 'Amc customer.'),
(275, 196, 12, '1', '2', '', '', '', '', 7, 'Amc customer'),
(276, 196, 31, '2', '2', '', '', '', '', 8, 'Amc customer.'),
(277, 196, 28, '2', '2', '', '', '', '', 23, 'Amc customer'),
(278, 201, 10, '2', '3', '', '', '', '', 10, 'Amc customer'),
(279, 269, 15, '1', '3', '', '', '', '', 4, 'amc customer'),
(280, 269, 15, '1', '19', '', '', '', '', 25, 'Amc customer'),
(281, 269, 15, '1', '19', '', '', '', '', 28, 'Amc customer.'),
(284, 228, 11, '1', '2', '', '', '', '', 23, 'Amc Customer.'),
(285, 228, 11, '1', '19', '', '', '', '', 7, 'Amc Customer.'),
(288, 222, 1, '1', '3', '', '', '', '', 26, 'amc customer'),
(289, 222, 1, '2', '2', '', '', '', '', 23, 'Amc customer'),
(290, 295, 7, '1', '19', '', '', 'SRK25CKS-6', '324804830RE', 25, 'Matrix complaint'),
(291, 296, 5, '1', '3', 'REL50NRV16', '0027405', 'FTEL50NRV16', '0025791', 10, 'Service.'),
(292, 297, 5, '1', '2', 'KRE3SGV1', 'E083038', 'FTKE35GV1', 'E083434', 10, 'MATRIX Call\nBOM150100795'),
(293, 185, 5, '1', '3', '', '', 'FTE50NRV16', '0080454', 10, 'Amc customer.'),
(294, 107, 5, '1', '2', '', '', '', '', 7, 'Amc customer'),
(309, 240, 15, '1', '3', '', '', '', '', 29, 'Amc Customer'),
(310, 240, 12, '1', '2', '', '', '', '', 6, 'Amc Customer'),
(311, 240, 6, '2', '3', '', '', '', '', 11, 'Amc Customer'),
(312, 240, 15, '1', '3', '', '', '', '', 34, 'Amc Customer'),
(314, 240, 10, '1', '2', '', '', '', '', 37, 'Amc Customer'),
(315, 240, 12, '1', '2', '', '', '', '', 35, 'Amc Customer'),
(316, 240, 4, '1', '19', '', '', '', '', 33, 'Amc Customer'),
(317, 240, 6, '1', '19', '', '', '', '', 32, 'Amc Customer'),
(318, 240, 6, '1', '19', '', '', '', '', 31, 'Amc Customer'),
(319, 240, 6, '1', '19', '', '', '', '', 30, 'Amc Customer'),
(320, 240, 6, '2', '2', '', '', '', '', 25, 'Amc Customer'),
(321, 240, 6, '1', '3', '', '', '', '', 37, 'Amc Customer'),
(322, 120, 5, '1', '3', 'RE50KV16', 'E029893', 'FTE50LV16', 'EO63715', 25, 'Amc Customer'),
(323, 120, 5, '1', '3', 'RC60LV169', 'E025572', 'FTE50LV16', 'E014360', 6, 'Amc Customer.'),
(324, 120, 1, '1', '3', '', '006367', '', '004322', 11, 'Amc Customer.'),
(325, 120, 5, '1', '3', 'REL50LV16', 'E028571', 'FTE50LV16', '14355', 33, 'AMC CUSTOMER'),
(327, 298, 5, '1', '2', 'RQ35PRV16', '006954', 'FTQ35PRV16', '0011540', 10, 'Ac installation done by Niyaz'),
(328, 298, 5, '1', '3', 'REL50PRV16', '0013327', 'FTEL50PRV16', '0024021', 23, 'Ac installation done by Niyaz.'),
(330, 299, 5, '1', '13', 'RKD60BVM', 'E045389', 'FTKD60FVM', 'E049022', 7, 'Installation done by Niyaz'),
(331, 299, 5, '1', '3', 'RKD50BVM', 'E104515', 'FTKD50FVM', 'E120241', 10, 'Installation done by Niyaz'),
(332, 299, 5, '1', '3', 'RKD50BVM', 'E104512', 'FTKD50FVM', 'E131182', 23, 'Installation done by Niyaz.'),
(339, 302, 9, '1', '2', 'RAU223HUD', 'SE140E30520', 'RAU223HUD', 'SE140E30520', 4, ''),
(340, 302, 9, '1', '2', 'RAU223HUD', '5E140F30214', 'RAU2234UD', '5E140E30214', 6, 'AMC Customer'),
(341, 302, 9, '1', '2', 'RAU518HUD', '5E140E16960', 'RAU318HUD', '5E140E16960', 25, 'Amc Customer'),
(342, 302, 9, '1', '2', 'RAUSI8HUD', '', 'RAS223HUD', '', 14, 'AMC Customer'),
(343, 302, 9, '1', '2', 'RAC312HUD', 'SE140E32059', 'RAU312HUD', 'SE140F32059', 16, 'Amc customer.'),
(344, 302, 11, '1', '3', '', '', '', '', 17, 'Amc Customer'),
(345, 228, 11, '1', '2', '', '', '', '', 8, 'AMC Customer'),
(346, 228, 11, '1', '2', '', '', '', '', 10, 'Amc Customer');

-- --------------------------------------------------------

--
-- Table structure for table `installation`
--

CREATE TABLE IF NOT EXISTS `installation` (
  `install_id` int(11) NOT NULL AUTO_INCREMENT,
  `cust_id` int(11) NOT NULL,
  `ac_id` int(11) NOT NULL,
  `install_type` enum('s','n','f') NOT NULL DEFAULT 's' COMMENT 's-standard, n-non,f-free',
  `preferred_date` date NOT NULL,
  `no_of_service` int(2) NOT NULL DEFAULT '0',
  `remarks` text NOT NULL,
  `enabled` enum('1','2') NOT NULL DEFAULT '1' COMMENT '1-en,2-del',
  `created_on` timestamp NOT NULL DEFAULT CURRENT_TIMESTAMP,
  PRIMARY KEY (`install_id`),
  KEY `cust_id` (`cust_id`),
  KEY `ac_id` (`ac_id`)
) ENGINE=InnoDB  DEFAULT CHARSET=latin1 AUTO_INCREMENT=21 ;

--
-- Dumping data for table `installation`
--

INSERT INTO `installation` (`install_id`, `cust_id`, `ac_id`, `install_type`, `preferred_date`, `no_of_service`, `remarks`, `enabled`, `created_on`) VALUES
(4, 280, 160, 'n', '2014-12-11', 3, 'Installation done by Naushad', '1', '2014-12-29 10:12:39'),
(5, 281, 164, 'n', '2014-12-03', 3, 'Installation done by gautam.', '1', '2014-12-29 12:06:44'),
(6, 272, 169, 'n', '2014-12-03', 3, 'Installation done by Niyaz.', '1', '2014-12-30 05:52:11'),
(7, 285, 180, 'n', '2014-12-29', 3, 'installation done by sarvjeet', '1', '2014-12-31 06:05:07'),
(8, 285, 181, 'n', '2014-12-29', 3, 'Installation done by Mr. Sarvjeet.', '1', '2014-12-31 06:06:23'),
(9, 225, 182, 'n', '2014-12-12', 3, 'installation done by hameed', '1', '2014-12-31 06:55:39'),
(10, 287, 183, 'n', '2014-12-31', 4, 'installation done by Mr. Sarvjeet.', '1', '2015-01-02 10:01:33'),
(11, 289, 191, 'n', '2014-12-23', 3, 'Installation done by Hamid.', '1', '2015-01-03 09:16:48'),
(12, 289, 192, 'n', '2014-12-23', 3, 'Installation done by Hamid.', '1', '2015-01-03 09:17:57'),
(13, 283, 168, 'n', '2014-12-07', 3, 'installation done by Niyaz.', '1', '2015-01-03 10:46:30'),
(15, 72, 232, 's', '2015-01-31', 1, 'ins test', '1', '2015-01-07 11:05:36'),
(17, 72, 98, 'f', '2015-01-08', 1, '', '1', '2015-01-07 11:12:23');

-- --------------------------------------------------------

--
-- Table structure for table `install_service_date`
--

CREATE TABLE IF NOT EXISTS `install_service_date` (
  `install_service_id` int(11) NOT NULL AUTO_INCREMENT,
  `type` enum('ins_service','installation') NOT NULL,
  `cust_id` int(11) NOT NULL,
  `install_id` int(11) NOT NULL,
  `remarks` text NOT NULL,
  `date` date NOT NULL,
  PRIMARY KEY (`install_service_id`),
  KEY `install_id` (`install_id`)
) ENGINE=InnoDB  DEFAULT CHARSET=latin1 AUTO_INCREMENT=74 ;

--
-- Dumping data for table `install_service_date`
--

INSERT INTO `install_service_date` (`install_service_id`, `type`, `cust_id`, `install_id`, `remarks`, `date`) VALUES
(15, 'installation', 280, 4, '', '2014-12-11'),
(16, 'ins_service', 280, 4, '', '2015-04-12'),
(17, 'ins_service', 280, 4, '', '2015-08-12'),
(18, 'ins_service', 280, 4, '', '2015-12-12'),
(19, 'installation', 281, 5, '', '2014-12-03'),
(20, 'ins_service', 281, 5, '', '2015-04-04'),
(21, 'ins_service', 281, 5, '', '2015-08-04'),
(22, 'ins_service', 281, 5, '', '2015-12-04'),
(23, 'installation', 272, 6, '', '2014-12-03'),
(24, 'ins_service', 272, 6, '', '2015-04-04'),
(25, 'ins_service', 272, 6, '', '2015-08-04'),
(26, 'ins_service', 272, 6, '', '2015-12-04'),
(27, 'installation', 285, 7, '', '2014-12-29'),
(28, 'ins_service', 285, 7, '', '2015-04-30'),
(29, 'ins_service', 285, 7, '', '2015-08-30'),
(30, 'ins_service', 285, 7, '', '2015-12-30'),
(31, 'installation', 285, 8, '', '2014-12-29'),
(32, 'ins_service', 285, 8, '', '2015-04-30'),
(33, 'ins_service', 285, 8, '', '2015-08-30'),
(34, 'ins_service', 285, 8, '', '2015-12-30'),
(35, 'installation', 225, 9, '', '2014-12-12'),
(36, 'ins_service', 225, 9, '', '2015-04-13'),
(37, 'ins_service', 225, 9, '', '2015-08-13'),
(38, 'ins_service', 225, 9, '', '2015-12-13'),
(39, 'installation', 287, 10, '', '2014-12-31'),
(40, 'ins_service', 287, 10, '', '2015-04-01'),
(41, 'ins_service', 287, 10, '', '2015-07-01'),
(42, 'ins_service', 287, 10, '', '2015-09-30'),
(43, 'ins_service', 287, 10, '', '2015-12-30'),
(44, 'installation', 289, 11, '', '2014-12-23'),
(45, 'ins_service', 289, 11, '', '2015-04-24'),
(46, 'ins_service', 289, 11, '', '2015-08-24'),
(47, 'ins_service', 289, 11, '', '2015-12-24'),
(48, 'installation', 289, 12, '', '2014-12-23'),
(49, 'ins_service', 289, 12, '', '2015-04-24'),
(50, 'ins_service', 289, 12, '', '2015-08-24'),
(51, 'ins_service', 289, 12, '', '2015-12-24'),
(52, 'installation', 283, 13, '', '2014-12-07'),
(53, 'ins_service', 283, 13, '', '2015-04-08'),
(54, 'ins_service', 283, 13, '', '2015-08-08'),
(55, 'ins_service', 283, 13, '', '2015-12-08'),
(58, 'installation', 72, 15, '', '2015-01-31'),
(59, 'ins_service', 72, 15, '', '2016-01-31'),
(62, 'installation', 72, 17, '', '2015-01-08'),
(63, 'ins_service', 72, 17, '', '2016-01-08');

-- --------------------------------------------------------

--
-- Table structure for table `locality`
--

CREATE TABLE IF NOT EXISTS `locality` (
  `locality_id` int(11) NOT NULL AUTO_INCREMENT,
  `locality_name` varchar(250) NOT NULL,
  `pincode` varchar(15) NOT NULL,
  `city` varchar(50) NOT NULL DEFAULT 'Mumbai',
  PRIMARY KEY (`locality_id`)
) ENGINE=MyISAM  DEFAULT CHARSET=latin1 COMMENT='Pincode master' AUTO_INCREMENT=1527 ;

--
-- Dumping data for table `locality`
--

INSERT INTO `locality` (`locality_id`, `locality_name`, `pincode`, `city`) VALUES
(1, 'Parsi Panchayat', '400069', 'Mumbai'),
(2, 'AGARKAR CHOCK', '400093', 'Mumbai'),
(3, 'Adi Shankaracharya Road', '400076', 'Mumbai'),
(4, 'Aghadi Nagar, Jijamata Chowk', '400093', 'Mumbai'),
(5, 'Ahura Center', '400093', 'Mumbai'),
(6, 'Akruti Center', '400093', 'Mumbai'),
(7, 'Andheri (East) Andheri East', '400069', 'Mumbai'),
(8, 'Andheri Kurla Road', '400059', 'Mumbai'),
(9, 'Andheri Rly Subway Ambivali', '400069', 'Mumbai'),
(10, 'Anmol Complex', '400069', 'Mumbai'),
(11, 'Ansa Industrial Estate', '400072', 'Mumbai'),
(12, 'Asalfa Ghatkopar West', '400084', 'Mumbai'),
(13, 'Ashok Nagar', '400059', 'Mumbai'),
(14, 'Aslfa, Bhatwadi', '400072', 'Mumbai'),
(15, 'Azad Road', '400069', 'Mumbai'),
(16, 'Azad Road', '400057', 'Mumbai'),
(17, 'Bamandaya Wada', '400069', 'Mumbai'),
(1480, 'Bhatwadi', '400084', 'Mumbai'),
(19, 'Bhagat Singh Colony', '400069', 'Mumbai'),
(20, 'Bhamni Pada', '400059', 'Mumbai'),
(21, 'Bhavani Nagar', '400059', 'Mumbai'),
(22, 'Bhavani Nagar Andheri East', '400059', 'Mumbai'),
(23, 'Biesllery', '400069', 'Mumbai'),
(24, 'Bindra Complex', '400093', 'Mumbai'),
(25, 'CHAKALA Andheri East', '400093', 'Mumbai'),
(26, 'CHANDIVALI', '400072', 'Mumbai'),
(27, 'Chandivali Farm House', '400072', 'Mumbai'),
(28, 'Chinnoy College', '400069', 'Mumbai'),
(29, 'Chunawala Lane', '400059', 'Mumbai'),
(30, 'Church Road', '400059', 'Mumbai'),
(31, 'D Mart  Powai', '400076', 'Mumbai'),
(32, 'Darpan', '400093', 'Mumbai'),
(33, 'Esic Hospital', '400093', 'Mumbai'),
(34, 'GARWARE HOUSE', '400093', 'Mumbai'),
(35, 'GREEN FIELD  Andheri East', '400093', 'Mumbai'),
(36, 'GUNDIVALI Andheri East', '400069', 'Mumbai'),
(37, 'Ghatkopar Link Road', '400069', 'Mumbai'),
(38, 'Glen Mark', '400069', 'Mumbai'),
(39, 'Goenka Hall', '400069', 'Mumbai'),
(40, 'Goldflek Factory', '400069', 'Mumbai'),
(41, 'Gopal Sharma High School', '400076', 'Mumbai'),
(42, 'Green Field Tower', '400093', 'Mumbai'),
(43, 'Greenfield', '400093', 'Mumbai'),
(44, 'Gundavali', '400069', 'Mumbai'),
(45, 'Guruduara', '400093', 'Mumbai'),
(46, 'Gurunanak Patrol Pump', '400093', 'Mumbai'),
(47, 'HIRANANDANI POWAI', '400076', 'Mumbai'),
(48, 'Hanuman Road', '400057', 'Mumbai'),
(49, 'Hindustan Dorr', '400069', 'Mumbai'),
(50, 'Hiranandani Garden', '400076', 'Mumbai'),
(51, 'Hiranandani Hospital', '400076', 'Mumbai'),
(52, 'Holly Spirit Hospital', '400093', 'Mumbai'),
(53, 'IIT POWAI POWAI', '400076', 'Mumbai'),
(54, 'Iit Powai', '400076', 'Mumbai'),
(55, 'J B NAGAR Andheri East', '400069', 'Mumbai'),
(56, 'J B Nagar Jain Mandir', '400069', 'Mumbai'),
(57, 'J B Nagar Post Office', '400069', 'Mumbai'),
(58, 'J V LINK ROAD Andheri East', '400093', 'Mumbai'),
(59, 'J V Link Road, Kalpataru, Greenfield, Swagat, Rna Heights, Green Field Tower', '400093', 'Mumbai'),
(60, 'JAMBO DARSHIN', '400093', 'Mumbai'),
(61, 'JARIMARI Andheri East', '400072', 'Mumbai'),
(62, 'JEVAN VIKAS KANDRA', '400093', 'Mumbai'),
(63, 'Jain Mandir', '400069', 'Mumbai'),
(64, 'Jijamata Chowk', '400093', 'Mumbai'),
(65, 'KALPATARU ESTATE Andheri East', '400093', 'Mumbai'),
(66, 'KOLDONGARI 1 &  2', '400093', 'Mumbai'),
(67, 'Kalpataru', '400093', 'Mumbai'),
(68, 'Kamgar Kalyan Bhavan', '400069', 'Mumbai'),
(69, 'Kanti Nagar', '400069', 'Mumbai'),
(70, 'Khirani Road', '400072', 'Mumbai'),
(71, 'L & T Gate No. 1 To 7', '400072', 'Mumbai'),
(72, 'Lak Homes', '400072', 'Mumbai'),
(73, 'Leela Business Park', '400059', 'Mumbai'),
(74, 'Lok Milan', '400072', 'Mumbai'),
(75, 'Lokmilan', '400059', 'Mumbai'),
(76, 'M.V.Rood', '400093', 'Mumbai'),
(77, 'MAROL Andheri East', '400059', 'Mumbai'),
(78, 'MIDC Andheri East', '400099', 'Mumbai'),
(79, 'MILITARY ROAD Andheri East', '400059', 'Mumbai'),
(80, 'Mahant Road', '400057', 'Mumbai'),
(81, 'Maheshwari Nagar', '400059', 'Mumbai'),
(82, 'Majrekar Wadi', '400093', 'Mumbai'),
(83, 'Makwana Road', '400059', 'Mumbai'),
(84, 'Malpa Dongri', '400093', 'Mumbai'),
(85, 'Malpa Dongri', '400059', 'Mumbai'),
(86, 'Malpiya Road', '400057', 'Mumbai'),
(87, 'Manish Park', '400093', 'Mumbai'),
(88, 'Marol Maroshi Road', '400059', 'Mumbai'),
(89, 'Marwa Center', '400072', 'Mumbai'),
(90, 'Meenal Apartment', '400072', 'Mumbai'),
(91, 'Mhada Chandivali', '400072', 'Mumbai'),
(92, 'Mhada Powai', '400076', 'Mumbai'),
(93, 'Midas', '400069', 'Mumbai'),
(94, 'Midc Police Chowki', '400093', 'Mumbai'),
(95, 'Midc Police Chowki', '400093', 'Mumbai'),
(96, 'Midc Road No 1 To 23', '400093', 'Mumbai'),
(97, 'Millitry Road', '400059', 'Mumbai'),
(98, 'Mittal Estate', '400072', 'Mumbai'),
(99, 'Model Town', '400093', 'Mumbai'),
(100, 'Mogra Vill', '400069', 'Mumbai'),
(101, 'Mukund Nagar', '400069', 'Mumbai'),
(102, 'N.S.Phadke Marg', '400093', 'Mumbai'),
(103, 'NAHAR AMRIT SHAKTI CHANDIVALI', '400076', 'Mumbai'),
(104, 'NITYANAND NAGAR', '400093', 'Mumbai'),
(105, 'Nahar Amrut Shakti', '400072', 'Mumbai'),
(106, 'Nanda Patkar Road', '400057', 'Mumbai'),
(107, 'Nariman Road', '400057', 'Mumbai'),
(108, 'Nehru Road', '400057', 'Mumbai'),
(109, 'New Nagardas Road', '400069', 'Mumbai'),
(110, 'OLD NAGARDAS ROAD Andheri East', '400069', 'Mumbai'),
(111, 'Oberai Garden', '400072', 'Mumbai'),
(112, 'Old Nagardas Road', '400069', 'Mumbai'),
(113, 'Om Nagar', '400069', 'Mumbai'),
(114, 'Ongc Complex', '400093', 'Mumbai'),
(115, 'PARLE (EAST) Parle East', '400057', 'Mumbai'),
(116, 'POLICE QUARTERS', '400093', 'Mumbai'),
(117, 'POOONAM NAGAR Andheri East', '400093', 'Mumbai'),
(118, 'PUMP HOUSE Andheri East', '400093', 'Mumbai'),
(119, 'Paper Box', '400093', 'Mumbai'),
(120, 'Paranjpe Scheme A', '400057', 'Mumbai'),
(121, 'Paranjpe Scheme B', '400057', 'Mumbai'),
(122, 'Park Road', '400057', 'Mumbai'),
(123, 'Parsi Colony', '400093', 'Mumbai'),
(124, 'Parsi Panchayat', '400069', 'Mumbai'),
(125, 'Parsi Wada', '400069', 'Mumbai'),
(126, 'Pinky Talkies', '400069', 'Mumbai'),
(127, 'Pnt Colony', '400069', 'Mumbai'),
(128, 'Powai Police Chowki', '400076', 'Mumbai'),
(129, 'Pump House', '400093', 'Mumbai'),
(130, 'R K Singh Marg', '400069', 'Mumbai'),
(131, 'Raheja Nest', '400072', 'Mumbai'),
(132, 'Raheja Vihar', '400072', 'Mumbai'),
(133, 'Rambaug', '400076', 'Mumbai'),
(134, 'Rna Heights', '400093', 'Mumbai'),
(135, 'S M Shetty High School', '400076', 'Mumbai'),
(136, 'SAFOOD POOL Andheri East', '400072', 'Mumbai'),
(137, 'SAHAR Andheri East', '400099', 'Mumbai'),
(138, 'SAIWADI', '400093', 'Mumbai'),
(139, 'SAIWADI Andheri East', '400069', 'Mumbai'),
(140, 'SAKI NAKA Andheri East', '400072', 'Mumbai'),
(141, 'SEEPZ Andheri East', '400096', 'Mumbai'),
(142, 'SHIVAJI CHOUCK', '400093', 'Mumbai'),
(143, 'SHRE E PUNJAB Andheri East', '400093', 'Mumbai'),
(144, 'SONA UDYOG Andheri East', '400069', 'Mumbai'),
(145, 'Sahar Gaon', '400069', 'Mumbai'),
(146, 'Sahar Pipe Line', '400069', 'Mumbai'),
(147, 'Sahar Road Smashan Bhumi', '400069', 'Mumbai'),
(148, 'Sai Dham', '400093', 'Mumbai'),
(149, 'Sai Palice Hotel', '400093', 'Mumbai'),
(150, 'Saifi Park', '400059', 'Mumbai'),
(151, 'Saki Vihar Post Office', '400072', 'Mumbai'),
(152, 'Saki Vihar Road', '400072', 'Mumbai'),
(153, 'Sangam Cinema', '400069', 'Mumbai'),
(154, 'Saraswati Tower', '400069', 'Mumbai'),
(155, 'Satyadarshan', '400093', 'Mumbai'),
(156, 'Seepze, Seepz Depot', '400093', 'Mumbai'),
(157, 'Shahar Plaza', '400093', 'Mumbai'),
(158, 'Shanti Nagar', '400093', 'Mumbai'),
(159, 'Sher-E-Punjab', '400093', 'Mumbai'),
(160, 'Shradhhanand Road', '400057', 'Mumbai'),
(161, 'Subhash Road', '400057', 'Mumbai'),
(162, 'Sun Srishti', '400072', 'Mumbai'),
(163, 'Surean Road', '400093', 'Mumbai'),
(164, 'Swagat', '400093', 'Mumbai'),
(165, 'TELLI GALLI Andheri East', '400069', 'Mumbai'),
(166, 'Takshshila', '400093', 'Mumbai'),
(167, 'Tali Gali', '400093', 'Mumbai'),
(168, 'Tarun Bharat', '400069', 'Mumbai'),
(169, 'Tejpal Scheme 1,2,3,4,5', '400057', 'Mumbai'),
(170, 'Tilak Mandir Road', '400057', 'Mumbai'),
(171, 'Trans Residency', '400093', 'Mumbai'),
(172, 'Tunga Village', '400072', 'Mumbai'),
(173, 'Udyog Bhavan', '400059', 'Mumbai'),
(174, 'Vasu Kamal', '400072', 'Mumbai'),
(175, 'Velocity', '400072', 'Mumbai'),
(176, 'Verma Nagar', '400069', 'Mumbai'),
(177, 'Vijay Nagar', '400093', 'Mumbai'),
(178, 'Vijay Nagar Marol', '400059', 'Mumbai'),
(179, 'Vishal Holl', '400093', 'Mumbai'),
(180, 'Westen Expres Hiva', '400093', 'Mumbai'),
(181, '4 Bunglow Andheri West', '400058', 'Mumbai'),
(182, '7 Bunglow Andheri West', '400061', 'Mumbai'),
(183, 'ANDHERI WEST', '400053', 'Mumbai'),
(184, 'Amboli Andheri West', '400058', 'Mumbai'),
(185, 'Bajaj Road Vile Parle West', '400056', 'Mumbai'),
(186, 'Bhavance Collage Andheri West', '400058', 'Mumbai'),
(187, 'Ceaser Road Andheri West', '400058', 'Mumbai'),
(188, 'Cross Road 1 Andheri West', '400053', 'Mumbai'),
(189, 'Cross Road 2 Andheri West', '400053', 'Mumbai'),
(190, 'Cross Road 3 Andheri West', '400053', 'Mumbai'),
(191, 'Cross Road 4 Andheri West', '400053', 'Mumbai'),
(192, 'Dadabhai Road Andheri West', '400058', 'Mumbai'),
(193, 'Gulmohar Road 1 Vile Parle West', '400056', 'Mumbai'),
(194, 'Gulmohar Road 10 Vile Parle West', '400056', 'Mumbai'),
(195, 'Gulmohar Road 2 Vile Parle West', '400056', 'Mumbai'),
(196, 'Gulmohar Road 3 Vile Parle West', '400056', 'Mumbai'),
(197, 'Gulmohar Road 4 Vile Parle West', '400056', 'Mumbai'),
(198, 'Gulmohar Road 5 Vile Parle West', '400056', 'Mumbai'),
(199, 'Gulmohar Road 6 Vile Parle West', '400056', 'Mumbai'),
(200, 'Gulmohar Road 7 Vile Parle West', '400056', 'Mumbai'),
(201, 'Gulmohar Road 8 Vile Parle West', '400056', 'Mumbai'),
(202, 'Gulmohar Road 9 Vile Parle West', '400056', 'Mumbai'),
(203, 'J P Road Andheri West', '400058', 'Mumbai'),
(204, 'Juhu Versova Link Road Andheri West', '400061', 'Mumbai'),
(205, 'Lallubhai Park Andheri West', '400058', 'Mumbai'),
(206, 'Lokhandwala Andheri West', '400053', 'Mumbai'),
(207, 'Milat Nagar Andheri West', '400053', 'Mumbai'),
(208, 'N Dutta Marg Andheri West', '400058', 'Mumbai'),
(209, 'N S Road No 1 Vile Parle West', '400056', 'Mumbai'),
(210, 'N S Road No 10 Vile Parle West', '400056', 'Mumbai'),
(211, 'N S Road No 11 Vile Parle West', '400056', 'Mumbai'),
(212, 'N S Road No 12 Vile Parle West', '400056', 'Mumbai'),
(213, 'N S Road No 13 Vile Parle West', '400056', 'Mumbai'),
(214, 'N S Road No 2 Vile Parle West', '400056', 'Mumbai'),
(215, 'N S Road No 3 Vile Parle West', '400056', 'Mumbai'),
(216, 'N S Road No 4 Vile Parle West', '400056', 'Mumbai'),
(217, 'N S Road No 5 Vile Parle West', '400056', 'Mumbai'),
(218, 'N S Road No 6 Vile Parle West', '400056', 'Mumbai'),
(219, 'N S Road No 7 Vile Parle West', '400056', 'Mumbai'),
(220, 'N S Road No 8 Vile Parle West', '400056', 'Mumbai'),
(221, 'N S Road No 9 Vile Parle West', '400056', 'Mumbai'),
(222, 'Nana Nani Park Andheri West', '400061', 'Mumbai'),
(223, 'New Link Road Andheri West', '400053', 'Mumbai'),
(224, 'Oshiwara Andheri West', '400053', 'Mumbai'),
(225, 'S V P Nagar Andheri West', '400061', 'Mumbai'),
(226, 'S. V Road Andheri West', '400058', 'Mumbai'),
(227, 'Samath Nagar Andheri West', '400053', 'Mumbai'),
(228, 'Shastri Nagar Andheri West', '400053', 'Mumbai'),
(229, 'Veera Desai Road Andheri West', '400058', 'Mumbai'),
(230, 'Versova Andheri West', '400061', 'Mumbai'),
(231, 'Yari Road Andheri West', '400061', 'Mumbai'),
(232, 'Teachers Colony', '400051', 'Mumbai'),
(233, '10th Road Khar (W)', '400052', 'Mumbai'),
(234, '11th Road Khar (W)', '400052', 'Mumbai'),
(235, '12th Road Khar (W)', '400052', 'Mumbai'),
(236, '13th Road Khar (W)', '400052', 'Mumbai'),
(237, '14th Road Khar (W)', '400052', 'Mumbai'),
(238, '15th Road Khar (W)', '400052', 'Mumbai'),
(239, '16th Road Khar (W)', '400052', 'Mumbai'),
(240, '17th Road Khar (W)', '400052', 'Mumbai'),
(241, '18th Road Khar (W)', '400052', 'Mumbai'),
(242, '19th Road Khar (W)', '400052', 'Mumbai'),
(243, '20th Road Khar (W)', '400052', 'Mumbai'),
(244, '3rd Road Khar (W)', '400052', 'Mumbai'),
(245, '4th road Khar (W)', '400052', 'Mumbai'),
(246, '5th Road Khar (W)', '400052', 'Mumbai'),
(247, '6th Road Khar (W)', '400052', 'Mumbai'),
(248, '7th Road Khar (W)', '400052', 'Mumbai'),
(249, '8th Road Khar (W)', '400052', 'Mumbai'),
(250, '9th Road Khar (W)', '400052', 'Mumbai'),
(251, 'Almedia Park Bandra (West)', '400050', 'Mumbai'),
(252, 'Band Stand', '400050', 'Mumbai'),
(253, 'Bandra Kurla Complex BANDRA(EAST)', '400051', 'Mumbai'),
(254, 'Bandra Reclamation BANDRA(WEST)', '400050', 'Mumbai'),
(255, 'Carter Road BANDRA(WEST)', '400050', 'Mumbai'),
(256, 'Church Road', '400050', 'Mumbai'),
(257, 'Dand Pada', '400052', 'Mumbai'),
(258, 'Gandhi Nagar BANDRA(EAST)', '400051', 'Mumbai'),
(259, 'Ghandhi Nagar', '400051', 'Mumbai'),
(260, 'Hill Road BANDRA(WEST)', '400050', 'Mumbai'),
(261, 'John Baptist Road', '400050', 'Mumbai'),
(262, 'Kala Nagar BANDRA(EAST)', '400051', 'Mumbai'),
(263, 'Khar Danda', '400052', 'Mumbai'),
(264, 'Kheer Nagar', '400051', 'Mumbai'),
(265, 'Linking Road  BANDRA(WEST)', '400050', 'Mumbai'),
(266, 'Maruti Temple', '400051', 'Mumbai'),
(267, 'Mig Colony', '400051', 'Mumbai'),
(268, 'Mount Mary Road BANDRA(WEST)', '400050', 'Mumbai'),
(269, 'New Mig Colony', '400051', 'Mumbai'),
(270, 'Pali Hill BANDRA(WEST)', '400050', 'Mumbai'),
(271, 'Pali Naka BANDRA(WEST)', '400050', 'Mumbai'),
(272, 'S V Road BANDRA(WEST)', '400050', 'Mumbai'),
(273, 'ST Andrews Church B', '400050', 'Mumbai'),
(274, 'Sherly Rajan Road  BANDRA(WEST)', '400050', 'Mumbai'),
(275, 'Turner Road', '400050', 'Mumbai'),
(276, 'Union Park Khar (W)', '400052', 'Mumbai'),
(277, 'Waterfiled Road', '400050', 'Mumbai'),
(278, 'Amar Nagar', '400082', 'Mumbai'),
(279, 'Amar Nagar,Mulund(E)', '400080', 'Mumbai'),
(280, 'Bhandup (W) , Near Station', '400078', 'Mumbai'),
(281, 'Cement Company Road', '400080', 'Mumbai'),
(282, 'Cement Company,Mulund(E)', '400080', 'Mumbai'),
(283, 'Gandhi Nagar', '400078', 'Mumbai'),
(284, 'Gandhi Nagar,Kanjurmarg', '400078', 'Mumbai'),
(285, 'Gaothan', '400080', 'Mumbai'),
(286, 'Gavan Pada,Mulund(E)', '400081', 'Mumbai'),
(287, 'Hariom Nagar,Mulund(E)', '400081', 'Mumbai'),
(288, 'Highland Park,Mulund(E)', '400080', 'Mumbai'),
(289, 'Hira Nagar', '400080', 'Mumbai'),
(290, 'Hira Nagar,Mulund(E)', '400080', 'Mumbai'),
(291, 'Jai Shastri Nagar', '400082', 'Mumbai'),
(292, 'Jai Shastri Nagar', '400082', 'Mumbai'),
(293, 'Kanjur Marg (W), Near Station', '400078', 'Mumbai'),
(294, 'Keshav Pada', '400080', 'Mumbai'),
(295, 'Keshav Pada,Mulund(E)', '400080', 'Mumbai'),
(296, 'Khindi Pada', '400078', 'Mumbai'),
(297, 'Kokan Nagar,Bhandup (W)', '400078', 'Mumbai'),
(298, 'Mangatram,Bhandup (W)', '400078', 'Mumbai'),
(299, 'Mhada colony,Mulund(E)', '400081', 'Mumbai'),
(300, 'Mithagar Road ,Mulund(E)', '400081', 'Mumbai'),
(301, 'Mulund (E) ,Near Station', '400081', 'Mumbai'),
(302, 'Mulund (W) , Near Station', '400082', 'Mumbai'),
(303, 'Mulund Colony', '400082', 'Mumbai'),
(304, 'Mulund Colony,Mulund(E)', '400082', 'Mumbai'),
(305, 'Nahur (E) , Near Station', '400081', 'Mumbai'),
(306, 'Nani Pada,Mulund(E)', '400081', 'Mumbai'),
(307, 'Near Asian Paints', '400078', 'Mumbai'),
(308, 'Near Check Naka', '400080', 'Mumbai'),
(309, 'Near D Mart', '400081', 'Mumbai'),
(310, 'Near Dumping Ground', '400080', 'Mumbai'),
(311, 'Near Highland Park', '400082', 'Mumbai'),
(312, 'Near Jain Temple', '400080', 'Mumbai'),
(313, 'Near MHADA Colony', '400081', 'Mumbai'),
(314, 'Near Marathi School', '400078', 'Mumbai'),
(315, 'Near Mulund Goregaon Link Road', '400081', 'Mumbai'),
(316, 'Near Paper Mill', '400078', 'Mumbai'),
(317, 'Near Sai Dham', '400080', 'Mumbai'),
(318, 'Near Shoprite', '400082', 'Mumbai'),
(319, 'Near Western Express Highway', '400081', 'Mumbai'),
(320, 'Near Yogi Hills', '400082', 'Mumbai'),
(321, 'Neelam Nagar,Mulund(E)', '400081', 'Mumbai'),
(322, 'P & T Colony', '400082', 'Mumbai'),
(323, 'Powai,Kanjurmarg', '400078', 'Mumbai'),
(324, 'Sahyadri Nagar,Bhandup (W)', '400078', 'Mumbai'),
(325, 'Saidham,Mulund(E)', '400080', 'Mumbai'),
(326, 'Sambhaji Nagar', '400082', 'Mumbai'),
(327, 'Sarvodaya Nagar', '400080', 'Mumbai'),
(328, 'Sarvodaya Nagar,Mulund(E)', '400080', 'Mumbai'),
(329, 'Shankar Tekdi', '400082', 'Mumbai'),
(330, 'Shivaji Nagar,Bhandup (W)', '400078', 'Mumbai'),
(331, 'Sonapur,Bhandup (W)', '400078', 'Mumbai'),
(332, 'Surya Nagar', '400078', 'Mumbai'),
(333, 'Swapna Nagari', '400080', 'Mumbai'),
(334, 'Swapna Nagari,Mulund(E)', '400080', 'Mumbai'),
(335, 'Tambe Nagar', '400080', 'Mumbai'),
(336, 'Tambe Nagar,Mulund(E)', '400080', 'Mumbai'),
(337, 'Tata Colony,Mulund(E)', '400081', 'Mumbai'),
(338, 'Tebhi Pada,Bhandup (W)', '400078', 'Mumbai'),
(339, 'Tulshet Pada,Bhandup (W)', '400078', 'Mumbai'),
(340, 'Usha Nagar,Bhandup (W)', '400078', 'Mumbai'),
(341, 'Utkarsha Nagar,Bhandup (W)', '400078', 'Mumbai'),
(342, 'Vaishali Nagar', '400080', 'Mumbai'),
(343, 'Vaishali Nagar,Mulund(E)', '400080', 'Mumbai'),
(344, 'Veena Nagar', '400080', 'Mumbai'),
(1476, 'Veena Nagar,Mulund(w)	', '400080', 'Mumbai'),
(346, 'Abddul Rehman Street', '400003', 'Mumbai'),
(347, 'Abddul Rehman Street Masjid Bandar', '400003', 'Mumbai'),
(348, 'Apollo Reclamation', '400039', 'Mumbai'),
(349, 'Azad Maidan', '400001', 'Mumbai'),
(350, 'Bellard Eastate Fort', '400001', 'Mumbai'),
(351, 'Bellard Eastate Fort', '400001', 'Mumbai'),
(352, 'Bhendi Bazar', '400003', 'Mumbai'),
(353, 'Bhendi Bazar Masjid Bandar', '400003', 'Mumbai'),
(354, 'ChurchGate', '400020', 'Mumbai'),
(355, 'Colaba', '400005', 'Mumbai'),
(356, 'Colaba Navy Nagar', '400039', 'Mumbai'),
(357, 'Colaba South', '400005', 'Mumbai'),
(358, 'Cooperage Football Ground', '400021', 'Mumbai'),
(359, 'Copperage Nariman Point', '400021', 'Mumbai'),
(360, 'Crawford Market', '400001', 'Mumbai'),
(361, 'Crawford Market', '400001', 'Mumbai'),
(362, 'Crowford Market', '400003', 'Mumbai'),
(363, 'Crowford Market Masjid Bandar', '400003', 'Mumbai'),
(364, 'Cuffe Parade Colaba', '400005', 'Mumbai'),
(365, 'Cusrow Baug', '400039', 'Mumbai'),
(366, 'Duncan Cross Road 2nd', '400003', 'Mumbai'),
(367, 'Dwarkadas Cross Lane', '400001', 'Mumbai'),
(368, 'Electric House Colaba', '400005', 'Mumbai'),
(369, 'Fort Market', '400001', 'Mumbai'),
(370, 'Fort Street', '400001', 'Mumbai'),
(371, 'G J Bhosle Marg', '400039', 'Mumbai'),
(372, 'Gate Way Of India', '400039', 'Mumbai'),
(373, 'Gateway of India Colaba', '400005', 'Mumbai'),
(374, 'Kalaghoda Fort', '400001', 'Mumbai'),
(375, 'Kalaghoda Fort', '400001', 'Mumbai'),
(376, 'Karnak Bundar', '400003', 'Mumbai'),
(377, 'Karnak Bundar Masjid Bandar (E)', '400003', 'Mumbai'),
(378, 'M Drive No 80 to 100  N S R', '400002', 'Mumbai'),
(379, 'Maker Arced Cuffe Parade', '400005', 'Mumbai'),
(380, 'Mandavi', '400003', 'Mumbai'),
(381, 'Mandavi Masjid Bandar', '400003', 'Mumbai'),
(382, 'Mantralaya Nariman Point', '400021', 'Mumbai'),
(383, 'Marin Lines (W) Church Gate', '400020', 'Mumbai'),
(384, 'Marine Drive', '400020', 'Mumbai'),
(385, 'Market Colaba', '400005', 'Mumbai'),
(386, 'Masjid Bunder', '400003', 'Mumbai'),
(387, 'Masjid Bunder', '400003', 'Mumbai'),
(388, 'Mody Street', '400001', 'Mumbai'),
(389, 'Mohammad Ali Rd', '400003', 'Mumbai'),
(390, 'Mohammad ali Rd  Masjid Bandar', '400003', 'Mumbai'),
(391, 'Mumba devi', '400003', 'Mumbai'),
(392, 'Mumba devi Masjid Bandar', '400003', 'Mumbai'),
(393, 'Mumbadevi', '400003', 'Mumbai'),
(394, 'Mumbadevi', '400003', 'Mumbai'),
(395, 'Mumbai GPO', '400001', 'Mumbai'),
(396, 'N C P A', '400021', 'Mumbai'),
(397, 'Narayan Dhuru Street', '400003', 'Mumbai'),
(398, 'Narayanrao Koli Marg Bhan', '400003', 'Mumbai'),
(399, 'Nariman Point Nariman Point', '400021', 'Mumbai'),
(400, 'Navy Nagar Colaba', '400005', 'Mumbai'),
(401, 'Null Bazar', '400003', 'Mumbai'),
(402, 'P T M -  Road In Fort Area', '400001', 'Mumbai'),
(403, 'Paydhuni', '400003', 'Mumbai'),
(404, 'Paydhuni Masjid Bandar', '400003', 'Mumbai'),
(405, 'Post Office Colaba', '400005', 'Mumbai'),
(406, 'President Hotel Cuffe parade', '400005', 'Mumbai'),
(407, 'Sahakar Nagar', '400003', 'Mumbai'),
(408, 'Sasoon Dock', '400005', 'Mumbai'),
(409, 'Victoria Terminus Fort', '400001', 'Mumbai'),
(410, 'Victoria Terminus Fort', '400001', 'Mumbai'),
(411, 'Woodhouse Road Colaba', '400005', 'Mumbai'),
(412, 'World Trade Centre', '400005', 'Mumbai'),
(413, 'Zaveri Bazar', '400003', 'Mumbai'),
(414, 'Zaveri Bazar', '400003', 'Mumbai'),
(415, 'Zaveri Bazar', '400003', 'Mumbai'),
(416, 'Zaveri Bazar Masjid Bandar', '400003', 'Mumbai'),
(417, 'A.G.Khan RD Worli', '400018', 'Mumbai'),
(418, 'A.K.Marg', '400018', 'Mumbai'),
(419, 'ABHUDAY NAGAR', '400027', 'Mumbai'),
(420, 'Abhudaya Nagar Kalachowky', '400033', 'Mumbai'),
(421, 'Adarsh Nagar  Worli', '400018', 'Mumbai'),
(422, 'Agar Bazar Prabhadevi', '400025', 'Mumbai'),
(423, 'Aghashe Path', '400028', 'Mumbai'),
(424, 'Altamount Road Mahalaxmi', '400026', 'Mumbai'),
(425, 'Ambedkar Nagar Parel', '400012', 'Mumbai'),
(426, 'Antop Hill Wadala', '400037', 'Mumbai'),
(427, 'Appasaheb Marathe Marg', '400025', 'Mumbai'),
(428, 'Arora Cinema Matunga', '400019', 'Mumbai'),
(429, 'Arther Road', '400011', 'Mumbai'),
(430, 'Ashish Ind Est.', '400028', 'Mumbai'),
(431, 'B.D.D.Chawl Worli', '400018', 'Mumbai'),
(432, 'BHOIWADA PAREL', '400012', 'Mumbai'),
(433, 'BREACH CANDY HOSPITAL MAHALAXMI', '400026', 'Mumbai'),
(434, 'Balgovindas Road', '400028', 'Mumbai'),
(435, 'Bhakti Park  Wadala', '400037', 'Mumbai'),
(436, 'Bhandarakar Lane', '400019', 'Mumbai'),
(437, 'Bhaudaji Road', '400019', 'Mumbai'),
(438, 'CARMICHEAL ROAD MAHALAXMI', '400026', 'Mumbai'),
(439, 'CENTURY BAZAR PRABHADEVI', '400025', 'Mumbai'),
(440, 'CHITRA CINEMA DADAR(E)', '400014', 'Mumbai'),
(441, 'CHIWDA GALI PAREL', '400012', 'Mumbai'),
(442, 'CHUNNABHATTI SION', '400022', 'Mumbai'),
(443, 'CINE PLANET SION', '400022', 'Mumbai'),
(444, 'CITY LIGHT DADAR(W)', '400016', 'Mumbai'),
(445, 'COTTON GREEN MAZGAON', '400010', 'Mumbai'),
(446, 'CURRY ROAD LOWER PAREL', '400013', 'Mumbai'),
(447, 'Cadboury House', '400026', 'Mumbai'),
(448, 'China Mill Copund', '400022', 'Mumbai'),
(449, 'Cumballa Hill', '400026', 'Mumbai'),
(450, 'Curry Road', '400015', 'Mumbai'),
(451, 'D.L.Vidya Road', '400028', 'Mumbai'),
(452, 'DADAR T.T. DADAR(E)', '400014', 'Mumbai'),
(453, 'DEEPAK CINEMA LOWER PAREL', '400013', 'Mumbai'),
(454, 'DHANESHWAR NAGAR SEWREE', '400015', 'Mumbai'),
(455, 'DHARAVI DADAR(W)', '400017', 'Mumbai'),
(456, 'DOOR DARSHAN WORLI', '400018', 'Mumbai'),
(457, 'DOSTI ACRESS WADALA', '400037', 'Mumbai'),
(458, 'DOSTI FLAMINGO SEWREE', '400015', 'Mumbai'),
(459, 'DR.ANNIE BESANT ROAD WORLI', '400018', 'Mumbai'),
(460, 'DR.MASCARENES ROAD MAZGAON', '400010', 'Mumbai'),
(461, 'Dadoji Kondev Marg Byculla E', '400027', 'Mumbai'),
(462, 'Deodhar Rd', '400019', 'Mumbai'),
(463, 'Dilip Gupte Marg', '400028', 'Mumbai'),
(464, 'Dilip Gupte Marg', '400016', 'Mumbai'),
(465, 'Dilip Gupte Marg', '400016', 'Mumbai'),
(466, 'Dilip Gupte Marg', '400016', 'Mumbai'),
(467, 'Dinshaw Master Road', '400019', 'Mumbai'),
(468, 'Dockyard Rd', '400010', 'Mumbai'),
(469, 'Dr.Dislava Road', '400028', 'Mumbai'),
(470, 'Dr.S.S.Rao Road', '400012', 'Mumbai'),
(471, 'E MOSES ROAD WORLI', '400011', 'Mumbai'),
(472, 'ELPHISTONE ROAD LOWER PAREL', '400013', 'Mumbai'),
(473, 'EVERAD NAGAR SION', '400022', 'Mumbai'),
(474, 'Edenwala Rd Matunga C', '400019', 'Mumbai'),
(475, 'Elphiston Stn Road Elphiston', '400013', 'Mumbai'),
(476, 'FIVE GARDEN MATUNGA', '400019', 'Mumbai'),
(477, 'GANDHI HOSPITAL PAREL', '400012', 'Mumbai'),
(478, 'GANDHI MARKET KING CIRCLE', '400019', 'Mumbai'),
(479, 'GHODPDEV MAZGAON', '400010', 'Mumbai'),
(480, 'GHOKLE ROAD PRABHADEVI', '400025', 'Mumbai'),
(481, 'GODREJ BAUG MAHALAXMI', '400026', 'Mumbai'),
(482, 'Ganpatrao Kadam Marg', '400013', 'Mumbai'),
(483, 'HAJI ALI PEDDER ROAD', '400026', 'Mumbai'),
(484, 'HINDMATA DADAR(E)', '400014', 'Mumbai'),
(485, 'HINDU COLONY DADAR(E)', '400014', 'Mumbai'),
(486, 'HINDUJA HOSPITAL DADAR(W)', '400016', 'Mumbai'),
(487, 'Hansraj Lane Byculla E', '400027', 'Mumbai'),
(488, 'INDIAN OIL DEPOT WADALA', '400037', 'Mumbai'),
(489, 'JACOB CIRCLE SATRASTA', '400011', 'Mumbai'),
(490, 'JASLOK HOSP MAHALAXMI', '400026', 'Mumbai'),
(491, 'Jain Soc', '400022', 'Mumbai'),
(492, 'Jakharia Bunder Road', '400015', 'Mumbai'),
(493, 'Jame Jamshed Rd', '400019', 'Mumbai'),
(494, 'K A  Subramanium Road-', '400019', 'Mumbai'),
(495, 'K K MARG BYCULLA', '400011', 'Mumbai'),
(496, 'KALA CHOWKI MAZGAON', '400010', 'Mumbai'),
(497, 'KALAPAK EST. SION', '400022', 'Mumbai'),
(498, 'KEMP HOSPITAL PAREL', '400012', 'Mumbai'),
(499, 'KEMPS CORNER DADAR', '400026', 'Mumbai'),
(500, 'KIRTI COLLEGE DADAR(W)', '400028', 'Mumbai'),
(501, 'Kabutar Khana', '400028', 'Mumbai'),
(502, 'Kamala Mill Compund', '400013', 'Mumbai'),
(503, 'Kapol Niwas', '400019', 'Mumbai'),
(504, 'Katarak Road', '400031', 'Mumbai'),
(505, 'L.J.ROAD DADAR(W)', '400016', 'Mumbai'),
(506, 'LALBAUG PAREL', '400012', 'Mumbai'),
(507, 'LOVE LANE MAZGAON', '400010', 'Mumbai'),
(508, 'MAHALAXMI MANDIR MAHALAXMI', '400026', 'Mumbai'),
(509, 'MAHIM DADAR(W)', '400016', 'Mumbai'),
(510, 'MATALAXMI CHOWK SION', '400022', 'Mumbai'),
(511, 'MAZGAON SALES  TAX OFFICE MAZGAON', '400010', 'Mumbai'),
(512, 'MHADA COLONY SION', '400022', 'Mumbai'),
(513, 'Mahim Depo', '400016', 'Mumbai'),
(514, 'Mari Nager', '400016', 'Mumbai'),
(515, 'Matharpakdi Road', '400010', 'Mumbai'),
(516, 'Mogal Lane', '400028', 'Mumbai'),
(517, 'Mori Road', '400028', 'Mumbai'),
(518, 'N.C.Kelkar Road', '400028', 'Mumbai'),
(519, 'N.GAMADIA ROAD MAHALAXMI', '400026', 'Mumbai'),
(520, 'N.M JOSHI MARG LOWER PAREL', '400013', 'Mumbai'),
(521, 'NAIGAON DADAR(E)', '400014', 'Mumbai'),
(522, 'NEPENSEA ROAD MAHALAXMI', '400026', 'Mumbai'),
(523, 'Nesbit Road Mazgaon', '400010', 'Mumbai'),
(524, 'Nr Icici Bank', '400025', 'Mumbai'),
(525, 'Nr. Living Room', '400016', 'Mumbai'),
(526, 'Nr.Kohinoor Mill', '400028', 'Mumbai'),
(527, 'Nr.Prabhat Polutry', '400016', 'Mumbai'),
(528, 'Nr.Ruparel College', '400028', 'Mumbai'),
(529, 'Nr.Shirodkar College', '400012', 'Mumbai'),
(530, 'PANDURANG B. MARG LOWER PAREL', '400013', 'Mumbai'),
(531, 'PAREL BUS DEPOT PAREL', '400012', 'Mumbai'),
(532, 'PAREL TANK ROAD PAREL', '400012', 'Mumbai'),
(533, 'PAREL VILLAGE PAREL', '400012', 'Mumbai'),
(534, 'PARSI COLONY DADAR(E)', '400014', 'Mumbai'),
(535, 'PEDDER ROAD MAHALAXMI', '400026', 'Mumbai'),
(536, 'PENINSULLA PARK LOWER PAREL', '400013', 'Mumbai'),
(537, 'PHOENIX MILL  LOWER PAREL', '400013', 'Mumbai'),
(538, 'PODDAR COLLEGE MATUNGA', '400019', 'Mumbai'),
(539, 'PORTUGESE CHURCH PRABHADEVI', '400025', 'Mumbai'),
(540, 'PRABHADEVI M.T.N.L. PRABHADEVI', '400025', 'Mumbai'),
(541, 'PRATIKSHA NAGAR SION', '400022', 'Mumbai'),
(542, 'PRIYADARSHNI PARK MAHALAXMI', '400026', 'Mumbai'),
(543, 'Patanwala Marg Byculla', '400027', 'Mumbai'),
(544, 'Patanwala Marg Byculla', '400027', 'Mumbai'),
(545, 'Plaza Cinema', '400028', 'Mumbai'),
(546, 'Poddar Hospital', '400018', 'Mumbai'),
(547, 'Pourtigues Church', '400028', 'Mumbai'),
(548, 'R.A.KIDWAI ROAD WADALA', '400031', 'Mumbai'),
(549, 'RANI BAUG MAZGAON', '400010', 'Mumbai'),
(550, 'RANJIT STUDIO DADAR(E)', '400014', 'Mumbai'),
(551, 'RAVINDRA NATYA MANDIR PRABHADEVI', '400025', 'Mumbai'),
(552, 'Raja Rani Travels', '400028', 'Mumbai'),
(553, 'Rajkamal Studio Lane', '400012', 'Mumbai'),
(554, 'Ray Road', '400010', 'Mumbai'),
(555, 'Ruia College Matunga Central', '400019', 'Mumbai'),
(556, 'S.M.ROAD WADALA', '400037', 'Mumbai'),
(557, 'S.S.NAGAR SION', '400022', 'Mumbai'),
(558, 'SARDAR NAGAR SION', '400022', 'Mumbai'),
(559, 'SAYANI ROAD PRABHADEVI', '400025', 'Mumbai'),
(560, 'SHAHU NAGAR DADAR(W)', '400017', 'Mumbai'),
(561, 'SHANMUKHANADAN HALL SION', '400022', 'Mumbai'),
(562, 'SHARDHASHRAM DADAR(W)', '400028', 'Mumbai'),
(563, 'SHIVAJI PARK DADAR(W)', '400028', 'Mumbai'),
(564, 'SIDHHIVINAYAK MANDIR PRABHADEVI', '400025', 'Mumbai'),
(565, 'SION CIRCLE SION', '400022', 'Mumbai'),
(566, 'SION HOSPITAL SION', '400022', 'Mumbai'),
(567, 'SIR POCHKHANWALA ROAD WORLI', '400018', 'Mumbai'),
(568, 'SWAMI NARAYAN MANDIR DADAR(E)', '400014', 'Mumbai'),
(569, 'Sane Guruji Marg', '400011', 'Mumbai'),
(570, 'Sant Savta Marg Byculla', '400010', 'Mumbai'),
(571, 'Sasmira Road', '400018', 'Mumbai'),
(572, 'Senapati Bapat Marg', '400028', 'Mumbai'),
(573, 'Senapati Bapat Marg', '400013', 'Mumbai'),
(574, 'Shah & Nahar Industrial Estate', '400013', 'Mumbai'),
(575, 'Shakti Mill Lane Mahalaxmi', '400011', 'Mumbai'),
(576, 'Shankar Ghanekar Marg', '400028', 'Mumbai'),
(577, 'Shetan Chowky', '400028', 'Mumbai'),
(578, 'Shitladevi Road', '400028', 'Mumbai'),
(579, 'Sion Mtnl Lane', '400022', 'Mumbai'),
(580, 'Sion trombay Road', '400071', 'Mumbai'),
(581, 'Sir Bhalchandra Road', '400019', 'Mumbai'),
(582, 'Star City', '400016', 'Mumbai'),
(583, 'Succex Industries', '400027', 'Mumbai'),
(584, 'Sun mill Compound', '400013', 'Mumbai'),
(585, 'Swadeshi Mill Road', '400022', 'Mumbai'),
(586, 'T.H.Kataria Marg', '400016', 'Mumbai'),
(587, 'TATA GARDEN MAHALAXMI', '400026', 'Mumbai'),
(588, 'TATA PRESS LANE PRABHADEVI', '400025', 'Mumbai'),
(589, 'Telang Road', '400019', 'Mumbai'),
(590, 'Thadani Marg', '400018', 'Mumbai'),
(591, 'V.J.T.I COLLEGE WADALA', '400031', 'Mumbai'),
(592, 'Vijay Nagar', '400028', 'Mumbai'),
(593, 'Voltas House Byculla', '400027', 'Mumbai'),
(594, 'WARDEN ROAD MAHALAXMI', '400026', 'Mumbai'),
(595, 'WORLI NAKA WORLI', '400018', 'Mumbai'),
(596, 'WORLI SEA FACE WORLI', '400030', 'Mumbai'),
(597, 'Wadala Telephone Excheng', '400031', 'Mumbai'),
(598, 'Worli Dairy', '400018', 'Mumbai'),
(599, 'Worli Rto', '400018', 'Mumbai'),
(600, 'Bandra to Borivali', '444443', 'Mumbai'),
(601, 'Churchgate to Mahalaxmi', '444441', 'Mumbai'),
(602, 'Key Accounts-Bandra', '444443', 'Mumbai'),
(603, 'Key Accounts-Churchgate', '444441', 'Mumbai'),
(604, 'Key Accounts-Mahim', '444442', 'Mumbai'),
(605, 'mahim to mahalaxmi', '444442', 'Mumbai'),
(606, '24 Carat Theatre', '400102', 'Mumbai'),
(607, 'Aarey Milk Colony (East) Goregaon (East)', '400065', 'Mumbai'),
(608, 'Aarey Milk Colony Goregaon (East)', '400063', 'Mumbai'),
(609, 'Aarey Road Goregaon (East)', '400063', 'Mumbai'),
(610, 'Accent Residency Jogeshwari (East)', '400060', 'Mumbai'),
(611, 'Acme Lite Jogeshwari (East)', '400060', 'Mumbai'),
(612, 'Adarsh Complex Malad (West)', '400064', 'Mumbai'),
(613, 'Adarsh Nagar', '400102', 'Mumbai'),
(614, 'Adarsh Nagar Jogeshwari Link Road (West)', '400102', 'Mumbai'),
(615, 'Adarsh Nagar Jogeshwari Link Road (West)', '400102', 'Mumbai'),
(616, 'Adarsh Residency Goregaon (East)', '400065', 'Mumbai'),
(617, 'Amboli Jogeshwari Link Road (West)', '400102', 'Mumbai'),
(618, 'Anand Nagar', '400102', 'Mumbai'),
(619, 'Aqsa Masjid Jogeshwari Link Road (West)', '400102', 'Mumbai'),
(620, 'Arya Samaj', '400062', 'Mumbai'),
(621, 'Ascent Residency', '400060', 'Mumbai'),
(622, 'Bachani Nagar Malad (East)', '400097', 'Mumbai'),
(623, 'Bangur Nagar', '400090', 'Mumbai'),
(624, 'Bangur Nagar (West) Malad (West)', '400090', 'Mumbai'),
(625, 'Behram Baug', '400102', 'Mumbai'),
(626, 'Best Nagar', '400102', 'Mumbai'),
(627, 'Best Nagar Goregaon (East)', '400063', 'Mumbai'),
(628, 'Bhadra Nagar Malad (West)', '400064', 'Mumbai'),
(629, 'Bhumi Park Malad (West)', '400064', 'Mumbai'),
(630, 'Bimbisar Nagar', '400063', 'Mumbai'),
(631, 'Brook Heaven Jogeshwari (East)', '400060', 'Mumbai'),
(632, 'Childrens Academy Malad (East)', '400097', 'Mumbai'),
(633, 'Childrens Academy Malad (West)', '400064', 'Mumbai'),
(634, 'Chincholi Bunder Malad (West)', '400064', 'Mumbai'),
(635, 'Ciba Road Goregaon (East)', '400065', 'Mumbai'),
(636, 'Cinemax Theatre', '400062', 'Mumbai'),
(637, 'City International School Jogeshwari Link Road (West)', '400102', 'Mumbai'),
(638, 'Daftary Road Malad (East)', '400097', 'Mumbai'),
(639, 'Dalmiya College', '400064', 'Mumbai'),
(640, 'Dindoshi  Goregaon (East)', '400063', 'Mumbai'),
(641, 'Eastern Mall Malad (East)', '400097', 'Mumbai'),
(642, 'Evershine Nagar Malad (West)', '400064', 'Mumbai'),
(643, 'Filmcity Road Goregaon (East)', '400063', 'Mumbai'),
(644, 'Gogte Wadi', '400063', 'Mumbai'),
(645, 'Gokul Dham', '400063', 'Mumbai'),
(646, 'Gokuldham Goregaon (East)', '400063', 'Mumbai'),
(647, 'Hindu Friends Colony', '400060', 'Mumbai'),
(648, 'Hindu Friends Colony Jogeshwari (East)', '400060', 'Mumbai'),
(649, 'Hub Mall', '400063', 'Mumbai'),
(650, 'Inorbit Mall', '400062', 'Mumbai'),
(651, 'Ismail Yusuf College', '400060', 'Mumbai'),
(652, 'Jai Bhavani Mata Road Jogeshwari Link Road (West)', '400102', 'Mumbai'),
(653, 'Jawahar Nagar', '400062', 'Mumbai'),
(654, 'Jawarhar Nagar Jogeshwari (East)', '400060', 'Mumbai'),
(655, 'Jogeshwari Vikroli Link', '400060', 'Mumbai'),
(656, 'Jogeshwari Vikroli Link Road   Jogeshwari (East)', '400060', 'Mumbai'),
(657, 'Kalpataru', '400060', 'Mumbai'),
(658, 'Kalpataru Estate Jogeshwari (East)', '400060', 'Mumbai'),
(659, 'Kanch pada Malad (West)', '400064', 'Mumbai'),
(660, 'Kanti Nagar Jogeshwari Link Road (West)', '400102', 'Mumbai'),
(661, 'Kasam Bag Road Malad (East)', '400097', 'Mumbai'),
(662, 'Kevni Pada Jogeshwari Link Road (West)', '400102', 'Mumbai'),
(663, 'Konkan Nagar', '400060', 'Mumbai'),
(664, 'Konkan Nagar Jogeshwari (East)', '400060', 'Mumbai'),
(665, 'Kurar Village Malad (East)', '400097', 'Mumbai'),
(666, 'Laxman Nagar Malad (East)', '400097', 'Mumbai'),
(667, 'Lemon Tree Production Jogeshwari Link Road (West)', '400102', 'Mumbai'),
(668, 'Liberty Garden Malad (West)', '400064', 'Mumbai'),
(669, 'Link Road,Goregoan', '400062', 'Mumbai'),
(670, 'Lotus Petrol Pump Jogeshwari Link Road (West)', '400102', 'Mumbai'),
(671, 'Mahesh Nagar Goregaon (West)', '400062', 'Mumbai'),
(672, 'Majas Depot Jogeshwari (East)', '400060', 'Mumbai'),
(673, 'Majaswadi', '400060', 'Mumbai'),
(674, 'Malavani 8 no (Mhada) Malad (West)', '400064', 'Mumbai'),
(675, 'Malcom Bag', '400102', 'Mumbai'),
(676, 'Malcom Baug Jogeshwari Link Road (West)', '400102', 'Mumbai'),
(677, 'Malvani Kharodi (West) Malad (West)', '400095', 'Mumbai'),
(678, 'Mamletdar Wadi Malad (West)', '400064', 'Mumbai'),
(679, 'Marve Road Malad (West)', '400095', 'Mumbai'),
(680, 'Mathar Pada Jogeshwari Link Road (West)', '400102', 'Mumbai'),
(681, 'Mayur Nagar Goregaon (East)', '400065', 'Mumbai'),
(682, 'Mega Mall', '400102', 'Mumbai'),
(683, 'Mega mall Jogeshwari Link Road (West)', '400102', 'Mumbai'),
(684, 'Metro polis Goregaon (East)', '400063', 'Mumbai'),
(685, 'Mhada Jogeshwari (East)', '400060', 'Mumbai'),
(686, 'Mhada Oshiwara Jogeshwari Link Road (West)', '400102', 'Mumbai'),
(687, 'Mhada Telephone Exchange Jogeshwari Link Road (West)', '400102', 'Mumbai'),
(688, 'Mind space Malad (West)', '400064', 'Mumbai'),
(689, 'Motilal Nagar No.1', '400104', 'Mumbai'),
(690, 'Municipal Market Malad (West)', '400064', 'Mumbai'),
(691, 'N L School/College Malad (West)', '400064', 'Mumbai'),
(692, 'Nagari Niwara', '400097', 'Mumbai'),
(693, 'Nagrinivara Goregaon (East)', '400063', 'Mumbai'),
(694, 'Natraj Market Malad (West)', '400064', 'Mumbai'),
(695, 'Natwar Nagar', '400060', 'Mumbai'),
(696, 'Natwar Nagar Jogeshwari (East)', '400060', 'Mumbai'),
(697, 'Nesco Goregaon (East)', '400063', 'Mumbai'),
(698, 'New Ganga Hardev Bhao Jogeshwari (East)', '400060', 'Mumbai'),
(699, 'Nivetia Road', '400097', 'Mumbai'),
(700, 'Oberoi Estate Jogeshwari (East)', '400060', 'Mumbai'),
(701, 'Oberoi Mall', '400063', 'Mumbai'),
(702, 'Oberoi Mall Goregaon (East)', '400063', 'Mumbai'),
(703, 'Off Mahakali Raod Jogeshwari (East)', '400060', 'Mumbai'),
(704, 'Oshiwara', '400102', 'Mumbai'),
(705, 'Oshiwara Bus Depo', '400102', 'Mumbai'),
(706, 'Oshiwara Bus Depot Jogeshwari Link Road (West)', '400102', 'Mumbai'),
(707, 'Oshiwara Bus Depot Motilal Nagar (West)', '400104', 'Mumbai'),
(708, 'Oshiwara Jogeshwari Link Road (West)', '400102', 'Mumbai'),
(709, 'Oshiwara Link Road Jogeshwari Link Road (West)', '400102', 'Mumbai'),
(710, 'Oshiwara Police Station', '400102', 'Mumbai'),
(711, 'Oshiwara Police Station Jogeshwari Link Road (West)', '400102', 'Mumbai'),
(712, 'Oshiwara link road Jogeshwari Link Road (West)', '400102', 'Mumbai'),
(713, 'Palm Court Malad (West)', '400064', 'Mumbai'),
(714, 'Pandurang Wadi', '400063', 'Mumbai'),
(715, 'Pandurang Wadi Goregaon (East)', '400063', 'Mumbai'),
(716, 'Parsi Colony Jogeshwari Link Road (West)', '400102', 'Mumbai'),
(717, 'Patel Road Jogeshwari Link Road (West)', '400102', 'Mumbai'),
(718, 'Pathan Wadi', '400097', 'Mumbai'),
(719, 'Pathan Wadi Malad (East)', '400097', 'Mumbai'),
(720, 'Patkar College', '400062', 'Mumbai'),
(721, 'Patliputra Nagar', '400102', 'Mumbai'),
(722, 'Patliputra Nagar Jogeshwari Link Road (West)', '400102', 'Mumbai'),
(723, 'Patliputra Nagar Motilal Nagar (West)', '400104', 'Mumbai'),
(724, 'Peru Bag', '400063', 'Mumbai'),
(725, 'Pimpri Pada Goregaon (East)', '400063', 'Mumbai'),
(726, 'Piramal Nagar', '400062', 'Mumbai'),
(727, 'Poonam Nagar Jogeshwari (East)', '400060', 'Mumbai'),
(728, 'Raheja Sherwood Goregaon (East)', '400063', 'Mumbai'),
(729, 'Raheja Titanium Jogeshwari (East)', '400060', 'Mumbai'),
(730, 'Raheja Township Malad (East)', '400097', 'Mumbai'),
(731, 'Railay Mans Colony', '400060', 'Mumbai'),
(732, 'Railway Man Colony Jogeshwari (East)', '400060', 'Mumbai'),
(733, 'Ram Mandir Road', '400102', 'Mumbai'),
(734, 'Rammandir Road Malad (West)', '400064', 'Mumbai'),
(735, 'Rani Sati Marg Malad (East)', '400097', 'Mumbai'),
(736, 'Ranisati Nagar Malad (West)', '400064', 'Mumbai'),
(737, 'Ratna Hotel', '400062', 'Mumbai'),
(738, 'Royal Palm Goregaon (East)', '400065', 'Mumbai'),
(739, 'Rustomjee Ozone', '400062', 'Mumbai'),
(740, 'Sahakar Nagar Jogeshwari Link Road (West)', '400102', 'Mumbai'),
(741, 'Sai Baba Nagar Goregaon (East)', '400063', 'Mumbai'),
(742, 'Saint Thomas School Goregaon (East)', '400063', 'Mumbai'),
(743, 'Santosh Nagar Goregaon (East)', '400063', 'Mumbai'),
(744, 'Saraswat Bag', '400060', 'Mumbai'),
(745, 'Serenity Complex', '400102', 'Mumbai'),
(746, 'Sham nagar Jogeshwari (East)', '400060', 'Mumbai'),
(747, 'Shankar Wadi', '400060', 'Mumbai'),
(748, 'Shantaram Talav Malad (East)', '400097', 'Mumbai'),
(749, 'Shastri Nagar', '400062', 'Mumbai'),
(750, 'Shastri Nagar Goregaon (West)', '400062', 'Mumbai'),
(751, 'Shiv Kutir- Mhada Jogeshwari Link Road (West)', '400102', 'Mumbai'),
(752, 'Shyam Nagar', '400060', 'Mumbai'),
(753, 'Sidhath Nagar', '400102', 'Mumbai'),
(754, 'Sidhath Nagar Goregaon (West)', '400062', 'Mumbai'),
(755, 'Somvar Bazar Malad (West)', '400064', 'Mumbai'),
(756, 'Sonawala Road', '400063', 'Mumbai'),
(757, 'Subhash Lane Shivaji Chowk Malad (East)', '400097', 'Mumbai'),
(758, 'Sunder Nagar', '400064', 'Mumbai'),
(759, 'Sunder Nagar Malad (West)', '400064', 'Mumbai'),
(760, 'Swagat Jogeshwari (East)', '400060', 'Mumbai'),
(761, 'Times Of India', '400097', 'Mumbai'),
(762, 'Times of India Malad (East)', '400097', 'Mumbai'),
(763, 'Triveni Nagar Malad (East)', '400097', 'Mumbai'),
(764, 'Unnat Nagar Goregaon (West)', '400062', 'Mumbai'),
(765, 'Upper Govind Nagar', '400097', 'Mumbai'),
(766, 'Upper Govind Nagar Malad (East)', '400097', 'Mumbai'),
(767, 'VSNL Jogeshwari Link Road (West)', '400102', 'Mumbai'),
(768, 'Vanita Nagar Jogeshwari Link Road (West)', '400102', 'Mumbai'),
(769, 'Veena Nagar Malad (West)', '400064', 'Mumbai'),
(770, 'Wagheshwari  Goregaon (East)', '400063', 'Mumbai'),
(771, 'Yashodham', '400063', 'Mumbai'),
(772, 'Yashodham Goregaon (East)', '400063', 'Mumbai'),
(773, 'Abhinavnagar', '400066', 'Mumbai'),
(774, 'Adarsha Nagar', '400066', 'Mumbai'),
(775, 'Akurli Cross Road', '400101', 'Mumbai'),
(776, 'Akurli Road, Near Big Bazar,Kandivli (E)', '400101', 'Mumbai'),
(777, 'Anand Nagar', '400068', 'Mumbai'),
(778, 'Arya Chanakya Nagar', '400101', 'Mumbai'),
(779, 'Asha nagar', '400101', 'Mumbai'),
(780, 'Ashok Chakravarthy Road', '400101', 'Mumbai'),
(781, 'Ashok Chakravarthy Road Kandivali (E)', '400101', 'Mumbai'),
(782, 'Ashok Van', '400066', 'Mumbai'),
(783, 'Ashok Van Borivali (E)', '400066', 'Mumbai'),
(784, 'BCC Club Mira Rd E', '401107', 'Mumbai'),
(785, 'Babhai Naka', '400092', 'Mumbai'),
(786, 'Bajaj Road', '400067', 'Mumbai'),
(787, 'Bandongri Road', '400067', 'Mumbai'),
(788, 'Bapusaheb Bagwe Road', '400068', 'Mumbai'),
(789, 'Beverly Park', '401104', 'Mumbai'),
(790, 'Bhagli Pada', '400068', 'Mumbai'),
(791, 'Bharucha Road', '400068', 'Mumbai'),
(792, 'Bhatia School', '400092', 'Mumbai'),
(793, 'Bhor Industries', '400066', 'Mumbai'),
(794, 'Bhulabhai Desai Road', '400067', 'Mumbai'),
(795, 'Bombay Drug House', '400101', 'Mumbai'),
(796, 'Bonanza Industrial Estate', '400101', 'Mumbai'),
(797, 'Borivali HO', '400091', 'Mumbai'),
(798, 'Borsa Padi', '400067', 'Mumbai'),
(799, 'Carter Rd', '400066', 'Mumbai'),
(800, 'Carter Road', '400066', 'Mumbai'),
(801, 'Chandwarkar Lane', '400092', 'Mumbai'),
(802, 'Charkop Sector-1', '400067', 'Mumbai'),
(803, 'Charkop Sector-1 Kandivali (W)', '400067', 'Mumbai'),
(804, 'Charkop Sector-2', '400067', 'Mumbai'),
(805, 'Charkop Sector-2 Kandivali (W)', '400067', 'Mumbai'),
(806, 'Charkop Sector-3', '400067', 'Mumbai'),
(807, 'Charkop Sector-3 Kandivali (W)', '400067', 'Mumbai'),
(808, 'Charkop Sector-4', '400067', 'Mumbai'),
(809, 'Charkop Sector-4 Kandivali (W)', '400067', 'Mumbai'),
(810, 'Charkop Sector-5', '400067', 'Mumbai'),
(811, 'Charkop Sector-5 Kandivali (W)', '400067', 'Mumbai'),
(812, 'Charkop Sector-6', '400067', 'Mumbai'),
(813, 'Charkop Sector-6 Kandivali (W)', '400067', 'Mumbai'),
(814, 'Charkop Sector-7', '400067', 'Mumbai'),
(815, 'Charkop Sector-7 Kandivali (W)', '400067', 'Mumbai'),
(816, 'Charkop Sector-8', '400067', 'Mumbai'),
(817, 'Charkop Sector-8 Kandivali (W)', '400067', 'Mumbai'),
(818, 'Check Naka  Dahisar', '400068', 'Mumbai'),
(819, 'Chhatrapati Shivaji Road', '400068', 'Mumbai'),
(820, 'Chiku Wadi - Borivali', '400092', 'Mumbai'),
(821, 'Childrens Academy School', '400101', 'Mumbai'),
(822, 'Choughle Nagar', '400066', 'Mumbai'),
(823, 'Chuna Bhatti', '400068', 'Mumbai'),
(824, 'Dahanukar Colony', '400067', 'Mumbai'),
(825, 'Dahisar (E)', '400068', 'Mumbai'),
(826, 'Dahisar Station (W) Dahisar (W)', '400068', 'Mumbai'),
(827, 'Dahiwali Society', '400068', 'Mumbai'),
(828, 'Damu Pada', '400101', 'Mumbai'),
(829, 'Datta Pada', '400066', 'Mumbai'),
(830, 'Daulat Nagar', '400066', 'Mumbai'),
(831, 'Daulat Nagar Borivali (E)', '400066', 'Mumbai'),
(832, 'Devidas Lane', '400092', 'Mumbai'),
(833, 'Devipada', '400066', 'Mumbai'),
(834, 'Devki ngar Bor w', '400092', 'Mumbai'),
(835, 'Dhanukarwadi', '400067', 'Mumbai'),
(836, 'Dhanukarwadi Kandivali (W)', '400067', 'Mumbai'),
(837, 'Don Bosco School', '400092', 'Mumbai'),
(838, 'Eksar Rd Borivali (W)', '400092', 'Mumbai'),
(839, 'Evershine  City Vasai', '400107', 'Mumbai'),
(840, 'Factory Lane', '400092', 'Mumbai'),
(841, 'Gandhi Nagar', '400067', 'Mumbai'),
(842, 'Ganjawalla Lane', '400092', 'Mumbai'),
(843, 'Gaothan', '400068', 'Mumbai'),
(844, 'Geeta Nagar Bhy E', '401105', 'Mumbai'),
(845, 'Ghartan Pada', '400068', 'Mumbai'),
(846, 'Ghoddev Naka Bhy E', '401105', 'Mumbai'),
(847, 'Ghokhale High School', '400092', 'Mumbai'),
(848, 'Golden Nest Mira Rd', '401107', 'Mumbai'),
(849, 'Gorai Borivali (W)', '400092', 'Mumbai'),
(850, 'Gorai Borivali (W)', '400092', 'Mumbai'),
(851, 'Gorai Village', '400092', 'Mumbai'),
(852, 'Hanuman Tekdi', '400066', 'Mumbai'),
(853, 'Hari Shankar Joshi Road', '400068', 'Mumbai'),
(854, 'Holy Cross rd', '400092', 'Mumbai'),
(855, 'I C Colony', '400091', 'Mumbai'),
(856, 'I C Colony  Borivali (W)', '400091', 'Mumbai'),
(857, 'I C Colony Extension rd', '400092', 'Mumbai'),
(858, 'Jairaj Nagar', '400092', 'Mumbai'),
(859, 'Jambli Galli Bor w', '400092', 'Mumbai'),
(860, 'Jangid Complex', '401104', 'Mumbai'),
(861, 'Jangid Complex Mira rd', '401107', 'Mumbai'),
(862, 'Jeevan Bima Nagar', '400092', 'Mumbai'),
(863, 'Kaju Pada', '400066', 'Mumbai'),
(864, 'Kandar Pada', '400068', 'Mumbai'),
(865, 'Kandar Pada Dahisar (W)', '400068', 'Mumbai'),
(866, 'Kastur Park Borivali', '400092', 'Mumbai'),
(867, 'Kasturba Rd', '400066', 'Mumbai'),
(868, 'Ketakipada', '400068', 'Mumbai'),
(869, 'Ketki Pada', '400068', 'Mumbai'),
(870, 'Khajuria Road', '400067', 'Mumbai'),
(871, 'Khatau Mill Compound', '400066', 'Mumbai'),
(872, 'Khatau Mill Compound', '400066', 'Mumbai'),
(873, 'Khatau Mill Compound  Borivali (E)', '400066', 'Mumbai'),
(874, 'Kora Kendra', '400092', 'Mumbai'),
(875, 'Kulupwadi', '400066', 'Mumbai'),
(876, 'Kulupwadi Borivali (E)', '400066', 'Mumbai'),
(877, 'LIC Colony', '400092', 'Mumbai'),
(878, 'Laxman Mhatre Rd', '400068', 'Mumbai'),
(879, 'Link Road  Dahisar (W)', '400068', 'Mumbai'),
(880, 'Link Road Bor w', '400092', 'Mumbai'),
(881, 'Lokhandwala', '400101', 'Mumbai'),
(882, 'Lokhandwala Kandivali (E)', '400101', 'Mumbai'),
(883, 'M H B Colony', '400092', 'Mumbai'),
(884, 'Magathane Bus depo', '400066', 'Mumbai'),
(885, 'Maharashtra Nagar', '400092', 'Mumbai'),
(886, 'Mahatma Gandhi Road', '400066', 'Mumbai'),
(887, 'Mahavinagar Gokhale Road', '400067', 'Mumbai'),
(888, 'Mahavir Nagar', '400067', 'Mumbai'),
(889, 'Mahavir Nagar Kandivali (W)', '400067', 'Mumbai'),
(890, 'Mandapeshwar Rd', '400092', 'Mumbai'),
(891, 'Maratha Colony', '400068', 'Mumbai'),
(892, 'Mathuradas Road Kandivali (W)', '400067', 'Mumbai'),
(893, 'Miaquitta Nagar', '400066', 'Mumbai'),
(894, 'Moreshwar Patel Road', '400068', 'Mumbai'),
(895, 'Mount Poiser', '400092', 'Mumbai'),
(896, 'N G Park  Dahisar E', '400068', 'Mumbai'),
(897, 'N L Complex  Dahisar E', '400068', 'Mumbai'),
(898, 'Nallasopara Nallasopara', '401102', 'Mumbai'),
(899, 'Natak Wala Lane', '400092', 'Mumbai'),
(900, 'National High Way Borival', '400066', 'Mumbai'),
(901, 'National Highway Dahisai', '400068', 'Mumbai'),
(902, 'National Park', '400066', 'Mumbai'),
(903, 'Navagoan', '400068', 'Mumbai'),
(904, 'Navagoan Dahisar (W)', '400068', 'Mumbai'),
(905, 'Navghar Road Bhyander', '401104', 'Mumbai'),
(906, 'Navghar Road Bhyander', '401105', 'Mumbai'),
(907, 'Nensey Colony', '400066', 'Mumbai'),
(908, 'Nensey Colony Borivali (E)', '400066', 'Mumbai'),
(909, 'Old Ashok Nagar', '400092', 'Mumbai'),
(910, 'Old Petrol Pump', '401107', 'Mumbai'),
(911, 'Old Petrol Pump Mira Rd', '401107', 'Mumbai'),
(912, 'Ovari Pada Dah E', '400068', 'Mumbai'),
(913, 'Parekh Nagar', '400067', 'Mumbai'),
(914, 'Patel Colony', '400068', 'Mumbai'),
(915, 'Patel Nagar Knd W', '400067', 'Mumbai'),
(916, 'Poisar Depo', '400092', 'Mumbai'),
(917, 'Poonam Sagar Complex', '401107', 'Mumbai'),
(918, 'Poonam Sagar Complex Mira Rd', '401107', 'Mumbai'),
(919, 'Prem Nagar', '400092', 'Mumbai'),
(920, 'Punjabi Wadi', '400092', 'Mumbai'),
(921, 'Raheja Estate', '400066', 'Mumbai'),
(922, 'Rajendra Nagar', '400066', 'Mumbai'),
(923, 'Ram Baug lane Bor w', '400092', 'Mumbai'),
(924, 'Rawalpada', '400068', 'Mumbai'),
(925, 'Rokadia Lane', '400092', 'Mumbai'),
(926, 'Roshan Nagar Bor w', '400092', 'Mumbai'),
(927, 'Rustomjee Complex', '400068', 'Mumbai'),
(928, 'S V Patel Road', '400067', 'Mumbai'),
(929, 'SIDHARTH NAGAR', '400066', 'Mumbai'),
(930, 'Sahyadri Nagar Charkope', '400067', 'Mumbai'),
(931, 'Sai Baba Nagar', '400092', 'Mumbai'),
(932, 'Sai Baba Nagar Borivali (W)', '400092', 'Mumbai'),
(933, 'Sankeshwar', '400066', 'Mumbai'),
(934, 'Sardar Vallabhbhai Patel', '400092', 'Mumbai'),
(935, 'Sarojini Naidu Road', '400067', 'Mumbai'),
(936, 'Satya Nagar Bor w', '400092', 'Mumbai'),
(937, 'Savar Pada', '400066', 'Mumbai'),
(938, 'Sejal Park Bhyander', '401105', 'Mumbai'),
(939, 'Sejal Park Bhyander', '401105', 'Mumbai'),
(940, 'Shakti Nagar', '400068', 'Mumbai'),
(941, 'Shankar Lane', '400067', 'Mumbai'),
(942, 'Shanti Ashram', '400092', 'Mumbai'),
(943, 'Shanti Nagar', '401107', 'Mumbai'),
(944, 'Shanti Nagar Mira Rd', '401107', 'Mumbai'),
(945, 'Shantivan', '400066', 'Mumbai'),
(946, 'Shastri Nagar', '400092', 'Mumbai'),
(947, 'Shetal Ngr Mira Rd', '401107', 'Mumbai'),
(948, 'Shimpoli', '400092', 'Mumbai'),
(949, 'Shimpoli Borivali (W)', '400092', 'Mumbai'),
(950, 'Shimpoli Village', '400092', 'Mumbai'),
(951, 'Shirikrishnanagar', '400066', 'Mumbai'),
(952, 'Shiv Vallabh Road', '400068', 'Mumbai'),
(953, 'Shrushti', '401107', 'Mumbai'),
(954, 'Shrushti Mira Rd', '401107', 'Mumbai'),
(955, 'Sidharth Nagar', '400066', 'Mumbai'),
(956, 'Sodwala Lane', '400092', 'Mumbai'),
(957, 'Soni Wadi Shimpoli Bor w', '400092', 'Mumbai'),
(958, 'St lawrence High Sch', '400101', 'Mumbai'),
(959, 'Station Road Borivali (E)', '400066', 'Mumbai'),
(960, 'Station Road Borivali (W)', '400092', 'Mumbai'),
(961, 'Station Road Borivali (W)', '400092', 'Mumbai'),
(962, 'Station Road D Borivali e', '400066', 'Mumbai'),
(963, 'Station Road Dahisar (W)', '400068', 'Mumbai'),
(964, 'Sukarwadi', '400066', 'Mumbai'),
(965, 'Sumer nagar', '400092', 'Mumbai'),
(966, 'Swamivivekanda Rd', '400092', 'Mumbai'),
(967, 'Swamivivekanda Rd', '400067', 'Mumbai'),
(968, 'Swamivivekanda Rd - Dahisar', '400068', 'Mumbai'),
(969, 'Thakur Complex', '400101', 'Mumbai'),
(970, 'Thakur Complex  Kandivali (E)', '400101', 'Mumbai'),
(971, 'Thakur Complex Kandivali (E)', '400101', 'Mumbai'),
(972, 'Thakur Village', '400101', 'Mumbai'),
(973, 'Thakur Village Kandivali (E)', '400101', 'Mumbai'),
(974, 'Turel Pakhadi', '400064', 'Mumbai'),
(975, 'Vaishali Nagar', '400068', 'Mumbai'),
(976, 'Vallabhbhai Patel Road', '400067', 'Mumbai'),
(977, 'Vasai Vasai', '401103', 'Mumbai'),
(978, 'Vazira Naka', '400091', 'Mumbai'),
(979, 'Vazira Naka', '400092', 'Mumbai'),
(980, 'Vazira Naka', '400102', 'Mumbai'),
(981, 'Village Road', '400067', 'Mumbai'),
(982, 'Waman Sawant Road', '400068', 'Mumbai'),
(983, 'Yeshwant Tawade Road', '400068', 'Mumbai'),
(984, 'Yogi Nagar', '400092', 'Mumbai'),
(985, 'Yogi Nagar Borivali (W)', '400092', 'Mumbai'),
(986, 'carter rd 1', '400066', 'Mumbai'),
(987, 'carter rd 2', '400066', 'Mumbai'),
(988, 'carter rd 3', '400066', 'Mumbai'),
(989, 'carter rd 4', '400066', 'Mumbai'),
(990, 'carter rd 6', '400066', 'Mumbai'),
(991, 'Kalamboli', '410218', 'Mumbai'),
(992, 'Kamothe', '410209', 'Mumbai'),
(993, 'Kanda Colony', '410211', 'Mumbai'),
(994, 'Khandeshwar', '410206', 'Mumbai'),
(995, 'Kharghar', '410210', 'Mumbai'),
(996, 'Konkan Bhavan,CBD Belapur', '400614', 'Mumbai'),
(997, 'Navi Mumbai', '400614', 'Mumbai'),
(998, 'New Panvel -', '410206', 'Mumbai'),
(999, 'Old Panvel', '410206', 'Mumbai'),
(1000, 'Sector 11,CBD', '400616', 'Mumbai'),
(1001, 'Sector 15,CBD', '400616', 'Mumbai'),
(1002, 'Sector 2,Belapur Node', '400617', 'Mumbai'),
(1003, 'Sector 3,Belapur Node', '400615', 'Mumbai'),
(1004, 'Taloja', '410208', 'Mumbai'),
(1005, 'Uran', '400702', 'Mumbai'),
(1006, 'Agashi Virar', '401301', 'Mumbai'),
(1007, 'Ambadi Road Vasai West', '401202', 'Mumbai'),
(1008, 'Anand Nagar Vasai', '401202', 'Mumbai'),
(1009, 'Arnala Virar', '401302', 'Mumbai'),
(1010, 'Boisar', '401501', 'Mumbai'),
(1011, 'Dhanu', '401601', 'Mumbai'),
(1012, 'Din Dayal Nagar', '401202', 'Mumbai'),
(1013, 'Evershine City', '401208', 'Mumbai'),
(1014, 'Ganeshpuri', '401206', 'Mumbai'),
(1015, 'Kelwa', '401401', 'Mumbai'),
(1016, 'Naigao', '401207', 'Mumbai'),
(1017, 'Naigao Koliwada', '416205', 'Mumbai'),
(1018, 'Naigaon', '401208', 'Mumbai'),
(1019, 'Nalasopara', '401209', 'Mumbai'),
(1020, 'Navghar Road', '401202', 'Mumbai'),
(1021, 'Nirmal', '401304', 'Mumbai'),
(1022, 'Palghar', '401404', 'Mumbai'),
(1023, 'Papdi', '401207', 'Mumbai'),
(1024, 'Sai Nagar', '401202', 'Mumbai'),
(1025, 'Satpati Virar', '401405', 'Mumbai'),
(1026, 'Sopara', '401203', 'Mumbai'),
(1027, 'Sopara (Nalasopara)', '401208', 'Mumbai'),
(1028, 'Suncity Vasai', '401202', 'Mumbai'),
(1029, 'SuryaNagar', '401609', 'Mumbai'),
(1030, 'Tarapur', '401502', 'Mumbai'),
(1031, 'Vajereshwari', '401204', 'Mumbai'),
(1032, 'Vasai (W)', '401208', 'Mumbai'),
(1033, 'Vasai East', '401208', 'Mumbai'),
(1034, 'Vasai Gao', '401201', 'Mumbai'),
(1035, 'Vasai Road East', '401208', 'Mumbai'),
(1036, 'Vasai Road West', '401202', 'Mumbai'),
(1037, 'Vasant Nagari', '401202', 'Mumbai'),
(1038, 'Veer Savarkar Nagar Vasai', '401202', 'Mumbai'),
(1039, 'Vikramgad', '401605', 'Mumbai'),
(1040, 'Virar (E)', '401303', 'Mumbai'),
(1041, 'Virar (W)', '401302', 'Mumbai'),
(1042, 'Virar East', '401305', 'Mumbai');
INSERT INTO `locality` (`locality_id`, `locality_name`, `pincode`, `city`) VALUES
(1043, 'Virar Virar', '404313', 'Mumbai'),
(1044, 'Virar West', '401303', 'Mumbai'),
(1045, 'Waliv Vasai', '401208', 'Mumbai'),
(1046, '14th Road Santacruz (W)', '400054', 'Mumbai'),
(1047, '15th Road Santacruz(W)', '400054', 'Mumbai'),
(1048, '16th Road Santacruz (W)', '400054', 'Mumbai'),
(1049, '17th Road Santacruz (W)', '400054', 'Mumbai'),
(1050, 'A B Nair Road Juhu', '400049', 'Mumbai'),
(1051, 'CST Road SANTACRUZ (EAST)', '400029', 'Mumbai'),
(1052, 'Ganguly Marg Juhu', '400049', 'Mumbai'),
(1053, 'Golibar Road SANTACRUZ (EAST)', '400055', 'Mumbai'),
(1054, 'Hasnabad Lane', '400054', 'Mumbai'),
(1055, 'JVPD Scheme Juhu', '400049', 'Mumbai'),
(1056, 'Juhu Church Road Juhu', '400049', 'Mumbai'),
(1057, 'Juhu Koliwad Juhu', '400049', 'Mumbai'),
(1058, 'Juhu Koliwada SANTACRUZ(WEST)', '400054', 'Mumbai'),
(1059, 'Juhu Scheme Juhu', '400049', 'Mumbai'),
(1060, 'Juhu Tara Road Juhu', '400049', 'Mumbai'),
(1061, 'Kalina', '400098', 'Mumbai'),
(1062, 'Kalina  SANTACRUZ (EAST)', '400029', 'Mumbai'),
(1063, 'Kamani KURLA(WEST)', '400070', 'Mumbai'),
(1064, 'Khira Nagar SANTACRUZ(WEST)', '400054', 'Mumbai'),
(1065, 'Kurla Depot KURLA(WEST)', '400070', 'Mumbai'),
(1066, 'Kurla Market KURLA(WEST)', '400070', 'Mumbai'),
(1484, 'Patelwadi pipe line ', '400070', 'Mumbai'),
(1068, 'Milan Subway SANTACRUZ(WEST)', '400054', 'Mumbai'),
(1069, 'Military Camp SANTACRUZ (EAST)', '400029', 'Mumbai'),
(1070, 'Military Road Juhu', '400049', 'Mumbai'),
(1071, 'Shahpur', '362205', 'Mumbai'),
(1072, 'Shastri Nagar SANTACRUZ(WEST)', '400054', 'Mumbai'),
(1073, 'Sundar Nagar SANTACRUZ (EAST)', '400029', 'Mumbai'),
(1074, 'Vakola Bridge SANTACRUZ (EAST)', '400055', 'Mumbai'),
(1075, 'Vakola Market SANTACRUZ (EAST)', '400055', 'Mumbai'),
(1076, 'Accoladae Complex,Thane(W)', '400604', 'Mumbai'),
(1077, 'Ambernath', '421501', 'Mumbai'),
(1078, 'Ambernath ( East )', '421506', 'Mumbai'),
(1079, 'Anand Nagar,Thane(W)', '400603', 'Mumbai'),
(1080, 'Balkum ,Thane(W)', '400608', 'Mumbai'),
(1081, 'Bhiwandi', '421302', 'Mumbai'),
(1082, 'Boisar', '401504', 'Mumbai'),
(1083, 'Brahman Society,Thane(W)', '400602', 'Mumbai'),
(1084, 'Brahmand', '400601', 'Mumbai'),
(1085, 'Brahmand,Thane(W)', '400607', 'Mumbai'),
(1086, 'Central Warehouse Kalher Village', '421302', 'Mumbai'),
(1087, 'Chendani Koliwada,Thane(W)', '400603', 'Mumbai'),
(1088, 'Daulat Nagar,Thane(W)', '400603', 'Mumbai'),
(1089, 'Dhokali,Thane(W)', '400608', 'Mumbai'),
(1090, 'Dombivali(E)', '421201', 'Mumbai'),
(1091, 'Dombivali(W)', '421202', 'Mumbai'),
(1092, 'GHODBANDAR ROAD', '400607', 'Mumbai'),
(1093, 'Ghodbunder Road', '400601', 'Mumbai'),
(1094, 'Happy Valley,Thane(W)', '400607', 'Mumbai'),
(1095, 'Hariniwas Circle,Thane(W)', '400602', 'Mumbai'),
(1096, 'Hiranandani Estate', '400607', 'Mumbai'),
(1097, 'ICE Factory,Thane(W)', '400602', 'Mumbai'),
(1098, 'KalwaStation Area,Thane(W)', '400605', 'Mumbai'),
(1099, 'Kalyan(E)', '421306', 'Mumbai'),
(1100, 'Kalyan(W)', '421301', 'Mumbai'),
(1101, 'Kapurbawdi,Thane(W)', '400601', 'Mumbai'),
(1102, 'Kasarwadavali, Thane(W)', '400601', 'Mumbai'),
(1103, 'Kavesar,Thane(W)', '400601', 'Mumbai'),
(1104, 'Kharegaon,Thane(W)', '400605', 'Mumbai'),
(1105, 'Kolshet,Thane(W)', '400608', 'Mumbai'),
(1106, 'Kores Towers,Thane(W)', '400606', 'Mumbai'),
(1107, 'Laxmi Park,Thane(W)', '400606', 'Mumbai'),
(1108, 'Lokmanaya Nagar,Thane(W)', '400606', 'Mumbai'),
(1109, 'MIDC Dombivali(E)', '421203', 'Mumbai'),
(1110, 'MIDC Dombivali(E)  Manpada', '421204', 'Mumbai'),
(1111, 'Majiwada Village,Thane(W)', '400601', 'Mumbai'),
(1112, 'Manisha Nagar,Thane(W)', '400605', 'Mumbai'),
(1113, 'Manpada,Thane(W)', '400601', 'Mumbai'),
(1114, 'Meera Road', '401107', 'Mumbai'),
(1115, 'Mental Hospital,Thane(W)', '400604', 'Mumbai'),
(1116, 'MethagaR Rd.,Thane(W)', '400603', 'Mumbai'),
(1117, 'Mumbra', '400612', 'Mumbai'),
(1118, 'Nr. Pariwar Gardan Hotel', '421601', 'Mumbai'),
(1119, 'Owla,Thane(W)', '400601', 'Mumbai'),
(1120, 'Parsik Nagar,Thane(W)', '400605', 'Mumbai'),
(1121, 'Patlipada(Hiranadani),Thane(W)', '400607', 'Mumbai'),
(1122, 'Raghunath Nagar,Thane(W)', '400604', 'Mumbai'),
(1123, 'Raheja Gardens,Thane(W)', '400604', 'Mumbai'),
(1124, 'Saket,Thane(W)', '400608', 'Mumbai'),
(1125, 'Samta Nagar,Thane(W)', '400606', 'Mumbai'),
(1126, 'Shanti Nagar,Thane(W)', '400604', 'Mumbai'),
(1127, 'Shubhaambh ,Thane(W)', '400607', 'Mumbai'),
(1128, 'Sreenagar,Thane(W)', '400604', 'Mumbai'),
(1129, 'Station Thane(E)', '400603', 'Mumbai'),
(1130, 'Talaopali,Thane(W)', '400602', 'Mumbai'),
(1131, 'Tarangan,Thane(W)', '400606', 'Mumbai'),
(1132, 'Teen Hat Naka,Thane(W)', '400602', 'Mumbai'),
(1133, 'Teen Petrol Pump,Thane(W)', '400602', 'Mumbai'),
(1134, 'Tikujiniwadi,Thane(W)', '400607', 'Mumbai'),
(1135, 'Vartak Nagar,Thane(W)', '400606', 'Mumbai'),
(1136, 'Vasant Vihar,,Thane(W)', '400610', 'Mumbai'),
(1137, 'Vedant Complex,Thane(W)', '400606', 'Mumbai'),
(1138, 'Vijay Vilas Road,Godhbandar', '400607', 'Mumbai'),
(1139, 'Vijay Vilas Road,Godhbandar', '400607', 'Mumbai'),
(1140, 'VishnuNagar,Thane(W)', '400602', 'Mumbai'),
(1141, 'Vitawa,Thane(W)', '400605', 'Mumbai'),
(1142, 'Waghbil ,Thane(W)', '400607', 'Mumbai'),
(1143, 'Wagle Ind. Estate,,Thane(W)', '400604', 'Mumbai'),
(1144, 'Agripada', '400008', 'Mumbai'),
(1145, 'Agripada Mumbai Central', '400008', 'Mumbai'),
(1146, 'Arya Nagar', '400034', 'Mumbai'),
(1147, 'August Kranti Marg', '400034', 'Mumbai'),
(1148, 'August Kranti Marg Kemps Corner', '400036', 'Mumbai'),
(1502, 'Babulnath shiv Mandir', '400007', 'Mumbai'),
(1150, 'Babulnath Grant road', '400007', 'Mumbai'),
(1151, 'Badamwadi', '400002', 'Mumbai'),
(1152, 'Bhoiwada Charni Road', '400004', 'Mumbai'),
(1153, 'Bhoiwada I, II And III', '400002', 'Mumbai'),
(1154, 'Bhulabhai Desai Rd Kemps Corner', '400036', 'Mumbai'),
(1155, 'Bhuleshwar', '400002', 'Mumbai'),
(1156, 'Bhuleshwar Charni Road', '400004', 'Mumbai'),
(1157, 'Breach Candy Kemps Corner', '400036', 'Mumbai'),
(1158, 'Byculla', '400008', 'Mumbai'),
(1159, 'Byculla (E) Dongri', '400009', 'Mumbai'),
(1160, 'Byculla (W) Mumbai Central', '400008', 'Mumbai'),
(1161, 'C.P.Tank Charni Road', '400004', 'Mumbai'),
(1162, 'Chandan Wadi', '400002', 'Mumbai'),
(1163, 'Chikhalwadi - M J Road', '400002', 'Mumbai'),
(1164, 'Chira Bazar', '400002', 'Mumbai'),
(1165, 'Chira Bazar Marin Lines (E)', '400002', 'Mumbai'),
(1166, 'Chowpatty', '400007', 'Mumbai'),
(1167, 'Cumballa Hill Kemps Corner', '400036', 'Mumbai'),
(1168, 'Dana Bunder', '400009', 'Mumbai'),
(1169, 'Dhobi Talav', '400002', 'Mumbai'),
(1170, 'Dhobi Talav Marin Lines (E)', '400002', 'Mumbai'),
(1171, 'Dhus Wadi', '400002', 'Mumbai'),
(1172, 'Dhus Wadi', '400002', 'Mumbai'),
(1173, 'Forjeet Hill Road', '400036', 'Mumbai'),
(1174, 'Gaiwadi', '400004', 'Mumbai'),
(1175, 'Gaiwadi Charni Road', '400004', 'Mumbai'),
(1176, 'Gamdevi Grant road', '400007', 'Mumbai'),
(1177, 'Girgaon', '400004', 'Mumbai'),
(1178, 'Girgaon Madhavbag', '400004', 'Mumbai'),
(1179, 'Girgoan (E)', '400004', 'Mumbai'),
(1180, 'Girgoan Charni Road', '400004', 'Mumbai'),
(1181, 'Girgoan Chowpatty Charni Road', '400004', 'Mumbai'),
(1182, 'Govalia Tank', '400036', 'Mumbai'),
(1183, 'Govalia Tank Kemps Corner', '400036', 'Mumbai'),
(1184, 'Haji Ali Tardeo', '400034', 'Mumbai'),
(1185, 'Hanging Gardens', '400006', 'Mumbai'),
(1186, 'Hanuman Lanes', '400002', 'Mumbai'),
(1187, 'Hanuman Lanes', '400002', 'Mumbai'),
(1188, 'Huges Rd Grant road', '400007', 'Mumbai'),
(1189, 'Huges Road', '400007', 'Mumbai'),
(1190, 'J J Hospital', '400009', 'Mumbai'),
(1191, 'J J Hospital', '400009', 'Mumbai'),
(1192, 'J.J.Hospital Dongri', '400009', 'Mumbai'),
(1193, 'K S Marg', '400002', 'Mumbai'),
(1194, 'Kalba devi', '400002', 'Mumbai'),
(1195, 'Kalba devi Marin Lines (E)', '400002', 'Mumbai'),
(1196, 'Kalbadevi', '400002', 'Mumbai'),
(1197, 'Kalbadevi', '400002', 'Mumbai'),
(1198, 'Kemps Corner Tardeo', '400036', 'Mumbai'),
(1199, 'Khambata Lane', '400004', 'Mumbai'),
(1200, 'Khambata Lane', '400004', 'Mumbai'),
(1201, 'Khetwadi', '400004', 'Mumbai'),
(1202, 'Khetwadi 12th Cross Lane', '400004', 'Mumbai'),
(1203, 'Khetwadi Charni Road', '400004', 'Mumbai'),
(1204, 'Khotachiwadi', '400004', 'Mumbai'),
(1205, 'Khotachiwadi Charni Road', '400004', 'Mumbai'),
(1206, 'Lamington Rd Grant road', '400007', 'Mumbai'),
(1207, 'Lohar Chawl', '400002', 'Mumbai'),
(1208, 'M J Market Cross Lane', '400002', 'Mumbai'),
(1209, 'Malabar Hill', '400006', 'Mumbai'),
(1210, 'Malabar Hill NepeanSea Road', '400006', 'Mumbai'),
(1211, 'Manav Mandir Road', '400006', 'Mumbai'),
(1212, 'Marine Lines - 2 to 4', '400002', 'Mumbai'),
(1213, 'Maruti Lane', '400002', 'Mumbai'),
(1214, 'Masjid Bunder', '400009', 'Mumbai'),
(1215, 'Masjid Bunder', '400009', 'Mumbai'),
(1216, 'Masjid Chinch Bunder', '400009', 'Mumbai'),
(1217, 'Mumbai Central', '400008', 'Mumbai'),
(1218, 'Nagpada Mumbai Central', '400008', 'Mumbai'),
(1219, 'Nana Chowk Grant road', '400007', 'Mumbai'),
(1220, 'Nana chowK', '400007', 'Mumbai'),
(1221, 'Navjeevan Society Mumbai Central', '400008', 'Mumbai'),
(1222, 'New Charni Road', '400004', 'Mumbai'),
(1223, 'Opera House Charni Road', '400004', 'Mumbai'),
(1224, 'Peddar Road Kemps Corner', '400036', 'Mumbai'),
(1225, 'Prarthana Samaj Charni Road', '400004', 'Mumbai'),
(1226, 'Princess Street', '400002', 'Mumbai'),
(1227, 'Princess Street Marin Lines (E)', '400002', 'Mumbai'),
(1228, 'R C Church', '400006', 'Mumbai'),
(1229, 'Rattilal R Thakkar Marg', '400034', 'Mumbai'),
(1230, 'S.V.P.Rd Charni Road', '400004', 'Mumbai'),
(1231, 'Sarang Street Khokha Baza', '400004', 'Mumbai'),
(1232, 'Sikka Nagar Charni Road', '400004', 'Mumbai'),
(1233, 'Sleter Rd Grant road', '400007', 'Mumbai'),
(1234, 'Sutar Chawl', '400002', 'Mumbai'),
(1235, 'Tardeo', '400007', 'Mumbai'),
(1236, 'Tardeo Grant road', '400007', 'Mumbai'),
(1237, 'Tardeo Road', '400034', 'Mumbai'),
(1238, 'Thakurdwar', '400004', 'Mumbai'),
(1239, 'Thakurdwar Charni Road', '400004', 'Mumbai'),
(1240, 'Tilak Nagar - Girgaum', '400004', 'Mumbai'),
(1241, 'V.P.Road Charni Road', '400004', 'Mumbai'),
(1242, 'Vachha Gandhi Road', '400007', 'Mumbai'),
(1243, 'Walkeshwar', '400006', 'Mumbai'),
(1244, 'Walkeshwar NepeanSea Road', '400006', 'Mumbai'),
(1245, 'Warden Rd Kemps Corner', '400036', 'Mumbai'),
(1246, 'Amrut Nagar,Ghatkopar (W)', '400086', 'Mumbai'),
(1247, 'Anushakti Nagar', '400094', 'Mumbai'),
(1248, 'Anushakti Nagar,,Chembur', '400094', 'Mumbai'),
(1249, 'Asalfa Village', '400086', 'Mumbai'),
(1250, 'Asalfa Village,Ghatkopar (W)', '400086', 'Mumbai'),
(1251, 'BARC ,Chembur', '400085', 'Mumbai'),
(1252, 'BEST Colony', '400075', 'Mumbai'),
(1253, 'BPCL Refinery', '400074', 'Mumbai'),
(1254, 'Bambkhana,Ghatkopar (W)', '400086', 'Mumbai'),
(1255, 'Bandup Village', '400042', 'Mumbai'),
(1256, 'Barve Nagar', '400086', 'Mumbai'),
(1257, 'Bhandup (E) , Near Station', '400042', 'Mumbai'),
(1258, 'Bhandup Village', '400042', 'Mumbai'),
(1259, 'Bharat Nagar', '400074', 'Mumbai'),
(1260, 'Bhatt Wadi,Ghatkopar (W)', '400086', 'Mumbai'),
(1261, 'Borla', '400071', 'Mumbai'),
(1262, 'Cama Galli', '400086', 'Mumbai'),
(1263, 'Chedda Nagar', '400046', 'Mumbai'),
(1264, 'Chembur (E) , Near Station', '400071', 'Mumbai'),
(1265, 'Chembur Colony', '400071', 'Mumbai'),
(1266, 'Chheda Nagar,Chembur', '400071', 'Mumbai'),
(1267, 'Chirag Nagar', '400086', 'Mumbai'),
(1268, 'Creek Side', '400079', 'Mumbai'),
(1269, 'Damodar Park,Ghatkopar (W)', '400086', 'Mumbai'),
(1270, 'Datar Colony', '400079', 'Mumbai'),
(1271, 'Datar Colony,,Bhandup (E)', '400042', 'Mumbai'),
(1272, 'Deonar Colony', '400088', 'Mumbai'),
(1273, 'Eastern Express Highway', '400079', 'Mumbai'),
(1274, 'Ganag Wadi,Ghatkopar (E)', '400086', 'Mumbai'),
(1275, 'Garodia Nagar,Ghatkopar (E)', '400075', 'Mumbai'),
(1276, 'GauriShankar Wadi,Ghatkopar (E)', '400075', 'Mumbai'),
(1277, 'Ghatkopar (E) , Near Station', '400075', 'Mumbai'),
(1278, 'Ghatkopar (W) , Near Station', '400086', 'Mumbai'),
(1279, 'Ghatkopar Village', '400086', 'Mumbai'),
(1280, 'Ghatla', '400071', 'Mumbai'),
(1281, 'Godrej Hill Side,Vikhroli (W', '400083', 'Mumbai'),
(1282, 'Godrej Industries,Vikhroli (E)', '400079', 'Mumbai'),
(1283, 'Govandi (E) , Near Station', '400088', 'Mumbai'),
(1284, 'Govandi,Chembur', '400043', 'Mumbai'),
(1285, 'H P Colony', '400074', 'Mumbai'),
(1286, 'H P Nagar', '400074', 'Mumbai'),
(1287, 'HP Nagar,Chembur', '400071', 'Mumbai'),
(1288, 'Hema Park,Bhandup (E)', '400042', 'Mumbai'),
(1289, 'Hill Side Colony', '400083', 'Mumbai'),
(1290, 'Indian Oil Nagar', '400046', 'Mumbai'),
(1291, 'Jagdusha Nagar,Ghatkopar (W)', '400086', 'Mumbai'),
(1292, 'Kama Galli,Ghatkopar (E)', '400086', 'Mumbai'),
(1293, 'Kamgar Nagar', '400024', 'Mumbai'),
(1294, 'Kamgar Nagar,Kurla(E)', '400024', 'Mumbai'),
(1295, 'Kanjur Marg', '400042', 'Mumbai'),
(1296, 'Kanjur Marg (E) , Near Station', '400079', 'Mumbai'),
(1297, 'Kannamwar Nagar,Vikhroli (E)', '400079', 'Mumbai'),
(1298, 'Kannamwar Nagar-1', '400079', 'Mumbai'),
(1299, 'Kannamwar Nagar-2', '400079', 'Mumbai'),
(1300, 'Kurla (E) , Near Station', '400024', 'Mumbai'),
(1301, 'Laxmi Nagar', '400074', 'Mumbai'),
(1302, 'Maharashtra Nagar', '400088', 'Mumbai'),
(1303, 'Maharashtra Nagar,Chembur', '400088', 'Mumbai'),
(1304, 'Mahindra Park,Ghatkopar (W)', '400086', 'Mumbai'),
(1305, 'Mahul Village', '400074', 'Mumbai'),
(1306, 'Mahul Village,Chembur', '400071', 'Mumbai'),
(1307, 'Maniklal Estate', '400086', 'Mumbai'),
(1308, 'Milind Nagar,Ghatkopar (W)', '400086', 'Mumbai'),
(1309, 'Nagwadi', '400071', 'Mumbai'),
(1310, 'Naidu Colony,Ghatkopar (E)', '400075', 'Mumbai'),
(1311, 'Nath Pai Nagar', '400075', 'Mumbai'),
(1312, 'Nathpai Nagar,Ghatkopar (E)', '400075', 'Mumbai'),
(1313, 'Near Ambedkar Garden', '400071', 'Mumbai'),
(1314, 'Near Bam Khana', '400086', 'Mumbai'),
(1315, 'Near Bus Depot', '400083', 'Mumbai'),
(1316, 'Near Bus Depot', '400088', 'Mumbai'),
(1317, 'Near Chembur Gymnkhana', '400071', 'Mumbai'),
(1318, 'Near Chita Camp', '400094', 'Mumbai'),
(1319, 'Near Damodar Park', '400086', 'Mumbai'),
(1320, 'Near Diamond Garden', '400071', 'Mumbai'),
(1321, 'Near Doodh Dairy', '400024', 'Mumbai'),
(1322, 'Near Ganga Wadi Telephone exchange', '400086', 'Mumbai'),
(1323, 'Near Godrej Hospital', '400079', 'Mumbai'),
(1324, 'Near Godrej Industries', '400079', 'Mumbai'),
(1325, 'Near Lal Dongar', '400071', 'Mumbai'),
(1326, 'Near N G Royal Park', '400042', 'Mumbai'),
(1327, 'Near Navy Colony', '400079', 'Mumbai'),
(1328, 'Near Neelkanth Vihar', '400075', 'Mumbai'),
(1329, 'Near Park Site', '400083', 'Mumbai'),
(1330, 'Near Pipeline', '400086', 'Mumbai'),
(1331, 'Near R City Mall', '400083', 'Mumbai'),
(1332, 'Near RCF Colony', '400074', 'Mumbai'),
(1333, 'Near Sarvodaya Hospital', '400086', 'Mumbai'),
(1334, 'Near Shiv Shrusti', '400024', 'Mumbai'),
(1335, 'Near Shreyas Garden', '400086', 'Mumbai'),
(1336, 'Near Somaiya College', '400075', 'Mumbai'),
(1337, 'Near Tel Exchange', '400079', 'Mumbai'),
(1338, 'Nehru Nagar', '400024', 'Mumbai'),
(1339, 'Nehru Nagar ,Kurla(E)', '400024', 'Mumbai'),
(1340, 'Nilkanth Vally,Ghatkopar (E)', '400075', 'Mumbai'),
(1341, 'Pamway Society,Vidyavihar (W)', '400077', 'Mumbai'),
(1342, 'Pant Nagar,Ghatkopar (E)', '400075', 'Mumbai'),
(1343, 'Paper Mill,Vikhroli (W', '400083', 'Mumbai'),
(1344, 'Park Side,Vikhroli (W', '400083', 'Mumbai'),
(1345, 'Payag nagar', '400074', 'Mumbai'),
(1346, 'Pestam Sagar,Chembur', '400071', 'Mumbai'),
(1347, 'Pestom Sagar', '400071', 'Mumbai'),
(1348, 'Postal Colony,Chembur', '400071', 'Mumbai'),
(1349, 'Rajawadi', '400077', 'Mumbai'),
(1350, 'Rajawadi,Ghatkopar (E)', '400077', 'Mumbai'),
(1351, 'Ramabai Colony,Chembur', '400071', 'Mumbai'),
(1352, 'Ramabai Nagar', '400046', 'Mumbai'),
(1353, 'Sahakar Nagar', '400024', 'Mumbai'),
(1354, 'Sahakar Nagar,Kurla(E)', '400024', 'Mumbai'),
(1355, 'Sarvodaya Hospital,Ghatkopar (W)', '400086', 'Mumbai'),
(1356, 'Shankara Colony', '400046', 'Mumbai'),
(1357, 'Shanti Park,Ghatkopar (E)', '400075', 'Mumbai'),
(1358, 'Shastri Nagar', '400074', 'Mumbai'),
(1359, 'Shivaji Nagar', '400046', 'Mumbai'),
(1360, 'Shivaji Nagar,Chembur', '400046', 'Mumbai'),
(1361, 'Shreyas Garden,Ghatkopar (W)', '400086', 'Mumbai'),
(1362, 'Skyland Oasic,Vidyavihar (W)', '400077', 'Mumbai'),
(1363, 'Sudha Park,Ghatkopar (E)', '400075', 'Mumbai'),
(1364, 'Suman Nagar', '400024', 'Mumbai'),
(1365, 'Suman Nagar,Kurla(E)', '400024', 'Mumbai'),
(1366, 'Surya nagar,Vikhroli (W)', '400083', 'Mumbai'),
(1367, 'Tagor Nagar,Vikhroli (E)', '400079', 'Mumbai'),
(1368, 'Tagore Nagar', '400079', 'Mumbai'),
(1369, 'Telephone Exchange,Ghatkopar (E)', '400086', 'Mumbai'),
(1370, 'Tilak Nagar', '400075', 'Mumbai'),
(1371, 'Tilak Nagar,Chembur', '400089', 'Mumbai'),
(1372, 'Trombay,Chembur', '400088', 'Mumbai'),
(1373, 'Vashi Naka', '400074', 'Mumbai'),
(1374, 'Vashi Naka,Chembur', '400071', 'Mumbai'),
(1375, 'Vidya Vihar (W) , Near Station', '400086', 'Mumbai'),
(1376, 'Vikhroli (E) , Near Station', '400079', 'Mumbai'),
(1377, 'Vikhroli (W) , Near Station', '400083', 'Mumbai'),
(1378, 'Vishnu Nagar', '400074', 'Mumbai'),
(1379, 'Wadavali', '400071', 'Mumbai'),
(1380, 'Pawane Village', '400705', 'Mumbai'),
(1381, 'Ghansoli', '400701', 'Mumbai'),
(1382, 'J.N.P.T', '400707', 'Mumbai'),
(1383, 'Juinagar', '400715', 'Mumbai'),
(1384, 'Kpar Khairane', '400709', 'Mumbai'),
(1385, 'MIDC,Mahape', '400709', 'Mumbai'),
(1386, 'Nerul', '400706', 'Mumbai'),
(1388, 'Rabale', '400701', 'Mumbai'),
(1389, 'SECTOR-12, Airoli', '400708', 'Mumbai'),
(1390, 'Sanpada', '400705', 'Mumbai'),
(1391, 'Seawoods Nerul', '400706', 'Mumbai'),
(1392, 'TTC Ind Area,Turbhe', '400613', 'Mumbai'),
(1393, 'Thane Belapur Road', '400708', 'Mumbai'),
(1394, 'Vashi plaza', '400703', 'Mumbai'),
(1397, 'Opp R-city Mall', '400086', 'Mumbai'),
(1398, 'Opp Majas Bus Depot', '400093', 'Mumbai'),
(1399, 'Opp Shatabdi Hospital', '400088', 'Mumbai'),
(1400, 'V.B. Phadake Marg', '400081', 'Mumbai'),
(1401, '90 Feet Road', '400081', 'Mumbai'),
(1402, 'Mulund colony', '400080', 'Mumbai'),
(1403, 'Johanson and johanson', '400082', 'Mumbai'),
(1404, 'Opp Sydenham college', '400020', 'Mumbai'),
(1405, 'Opp Mumbai Samachar  Press', '400001', 'Mumbai'),
(1406, 'Zaveri Bazar', '400002', 'Mumbai'),
(1407, 'Nr. Inorbit Mall ', '400064', 'Mumbai'),
(1408, 'OPP. Shreyas Cinema', '400086', 'Mumbai'),
(1409, 'Devidayal Road ', '400080', 'Mumbai'),
(1410, 'Madan Mohan Malviya Rd.', '400080', 'Mumbai'),
(1411, 'Opp Khaitan Chembers', '400001', 'Mumbai'),
(1412, 'opp Samata Nagar police stn.', '400067', 'Mumbai'),
(1413, 'Western Express Highway.', '400067', 'Mumbai'),
(1414, 'Western Express Highway.', '400101', 'Mumbai'),
(1415, 'Samta Nagar Police Station', '400101', 'Mumbai'),
(1416, 'Imax Theater', '400071', 'Mumbai'),
(1417, 'Bhakti Park', '400071', 'Mumbai'),
(1418, 'Telli Galli Cross lane.', '400069', 'Mumbai'),
(1419, 'City Hospital (Kurla West)', '400070', 'Mumbai'),
(1420, 'Near Otters Club, Bandra West', '400050', 'Mumbai'),
(1421, 'Fine Arts Cultural Centre', '400071', 'Mumbai'),
(1422, 'New Link Road Malad (west)', '400064', 'Mumbai'),
(1423, 'Palm Beach Road, Sec. No. 3', '400614', 'Mumbai'),
(1424, 'Gulmohar Road', '400049', 'Mumbai'),
(1425, 'Gulmohar Road, opp. Axis Bank', '400049', 'Mumbai'),
(1426, 'Ganesh Cinema Hall', '400012', 'Mumbai'),
(1427, 'Opp. Kirit Somaya', '400081', 'Mumbai'),
(1428, 'BSEL Tech Park Navi Mumbai', '400705', 'Mumbai'),
(1429, 'Opp sakivihar Telaphone Exchange', '400072', 'Mumbai'),
(1430, 'Picko Road Bandra West', '400050', 'Mumbai'),
(1431, 'Mahananda Dairy Goregaon East', '400065', 'Mumbai'),
(1432, 'Near Khar West Railway Station', '400052', 'Mumbai'),
(1433, 'Mathew Rd, Opera House, Girgaon.', '400004', 'Mumbai'),
(1434, 'M. G. Road Mulund West', '400080', 'Mumbai'),
(1435, 'Mulund  Colony, Opp. Chheda Petrol Pump, LBS Marg', '400080', 'Mumbai'),
(1436, 'Dr. R. P. Road, Mulund west', '400080', 'Mumbai'),
(1437, 'opp. Kirti Mahal Hotel, M.G. Road. ', '400080', 'Mumbai'),
(1438, 'Panch Rasta Mulund (w)', '400080', 'Mumbai'),
(1439, 'Tiny Tots School, Bhai Thakkar Rd.', '400057', 'Mumbai'),
(1440, 'Sector 15,', '400703', 'Mumbai'),
(1441, 'Sector 15, Opp. Vijaya bank', '400703', 'Mumbai'),
(1442, 'Raheja Township, Off.Western Express Highway', '400097', 'Mumbai'),
(1443, 'Standard Chartered Towers,Western Express Highway.', '400063', 'Mumbai'),
(1444, ' Bellasis road, Mumbai central', '400008', 'Mumbai'),
(1445, ' Bellasis road, Opp. Bus Depot,Mumbai central', '400008', 'Mumbai'),
(1446, 'Opp. Gurudwara, Gurunanak Nagar.', '400086', 'Mumbai'),
(1447, 'Shloka Restaurants, Veena Nagar', '400080', 'Mumbai'),
(1449, 'Nr.Odeon Theater, V.B. Lane.', '400077', 'Mumbai'),
(1450, 'Sudha Park Ghatkopar (E)', '400077', 'Mumbai'),
(1451, 'Dr.Baba Saheb Ambedkar Road', '400012', 'Mumbai'),
(1452, 'Opp. Bharatmata Cinema Hall.', '400012', 'Mumbai'),
(1453, 'Next to Sheetal Cinema', '400070', 'Mumbai'),
(1454, 'Sec-23,DARAVE Nerul', '400706', 'Mumbai'),
(1455, '1617, Sindhi Society', '400071', 'Mumbai'),
(1456, 'Above Trupati Farsan Chembur', '400071', 'Mumbai'),
(1457, 'Godrej Petrol Pump', '400079', 'Mumbai'),
(1458, 'Bavala Compound, Dr. Dattaram Lad Marg', '400012', 'Mumbai'),
(1459, 'Behind Ganesh Talkies', '400012', 'Mumbai'),
(1460, 'Behind R- CITY Mall.', '400086', 'Mumbai'),
(1461, 'Nr. Ecloe Mondiale School, JVPD Scheme juhu', '400049', 'Mumbai'),
(1464, 'Opp. Vikhroli Fire Station.', '400079', 'Mumbai'),
(1465, 'Sec-14, Palm Beach Road.', '400705', 'Mumbai'),
(1466, 'Opp. Parasdham Temple.', '400077', 'Mumbai'),
(1467, 'Opp. Balrajeshwar Temple.', '400080', 'Mumbai'),
(1468, 'Opp.Golden Lawn Restaurant', '400071', 'Mumbai'),
(1469, 'Opp. Visava wine Mart ', '400083', 'Mumbai'),
(1470, 'Opp. Akash Dairy', '400070', 'Mumbai'),
(1471, 'Odean Cinema Hall.', '400077', 'Mumbai'),
(1472, 'Nirmallifestyle', '400080', 'Mumbai'),
(1473, 'Nirmallifestyle Mall', '400080', 'Mumbai'),
(1474, 'Nr.Mumbadevi Temple', '400002', 'Mumbai'),
(1475, 'Near Post Office Ghatkopar (E)', '400075', 'Mumbai'),
(1477, 'Behind Arya Samaj Mandir', '400054', 'Mumbai'),
(1478, 'Sarojini Naidu Road', '400054', 'Mumbai'),
(1479, 'Near Fatima Church', '400015', 'Mumbai'),
(1481, 'Barve Nagar', '400084', 'Mumbai'),
(1482, 'Opp. Cambridge International School', '400067', 'Mumbai'),
(1483, 'Opp.Swami Vivekanand school Sindhi Society', '400071', 'Mumbai'),
(1485, 'Nr. Sama Building', '400071', 'Mumbai'),
(1486, 'Opp. Arthur Road jail', '400011', 'Mumbai'),
(1487, 'Near Gas Compound', '400012', 'Mumbai'),
(1488, 'Sant Namdev Path Gokhale Road.', '400602', 'Mumbai'),
(1489, 'Nr. Bhagwati High school Thane', '400602', 'Mumbai'),
(1490, 'Sahyog Mandir path Ghantali Colony', '400602', 'Mumbai'),
(1491, 'Palm Beach Road', '400705', 'Mumbai'),
(1492, 'Nr.Vasant Oscar Complex ', '400080', 'Mumbai'),
(1493, 'Near Shivsena Office ', '400084', 'Mumbai'),
(1494, 'Road No.-6, Nr. Masurashram ', '400063', 'Mumbai'),
(1495, 'Nr. Maitri Park', '400071', 'Mumbai'),
(1496, 'Jagannath Patankar Marg', '400012', 'Mumbai'),
(1497, 'Opp. Gold Gym.', '400071', 'Mumbai'),
(1498, 'Near Joy Hospital', '400071', 'Mumbai'),
(1499, 'j.v. cross road', '400086', 'Mumbai'),
(1500, 'Ghatkopar Bus Depot', '400086', 'Mumbai'),
(1501, 'Next Building of Natural Ice Cream.', '400068', 'Mumbai'),
(1503, 'P.K. Road.', '400080', 'Mumbai'),
(1504, 'Ganesh Gawade Cross Road', '400080', 'Mumbai'),
(1505, 'Sector No- 46A, Palm Beach Road', '400706', 'Mumbai'),
(1506, 'Ambajidham', '400080', 'Mumbai'),
(1508, 'Kala Killa, Dharavi (w)', '400017', 'Mumbai'),
(1509, 'Skyway Hotel', '400070', 'Mumbai'),
(1512, 'Nr. Valkeshwar Mandir.', '400049', 'Mumbai'),
(1511, 'Opp.Godrej Planet', '400027', 'Mumbai'),
(1513, 'Nr.Retiwala industries Estate', '400027', 'Mumbai'),
(1514, 'Nr. Nanavati School.', '400049', 'Mumbai'),
(1515, 'Opp. 12 Bunglow, kopari', '400603', 'Mumbai'),
(1516, 'Nr. Oberoi Mall', '400063', 'Mumbai'),
(1517, 'Sec- 4,Nr. rajiv Gandhi Flyover', '400706', 'Mumbai'),
(1518, 'N G Acharya Marg.', '400071', 'Mumbai'),
(1519, 'Nr. Mehboob Studio', '400050', 'Mumbai'),
(1520, 'Nr. Abhudaya Bank ', '400078', 'Mumbai'),
(1521, 'Jangal managal road, Nr. Abhudya Bank', '400078', 'Mumbai'),
(1522, 'Next to American Consulate', '400026', 'Mumbai'),
(1525, 'Gokhale Road', '400028', 'Mumbai'),
(1524, 'S.V.Road', '400067', 'Mumbai'),
(1526, 'Behind Family Court', '400051', 'Mumbai');

-- --------------------------------------------------------

--
-- Table structure for table `one_time_service`
--

CREATE TABLE IF NOT EXISTS `one_time_service` (
  `ots_id` int(11) NOT NULL AUTO_INCREMENT,
  `cust_id` int(11) NOT NULL,
  `ac_id` int(11) NOT NULL,
  `service_type` varchar(60) NOT NULL,
  `description` text NOT NULL,
  `preferred_date` date NOT NULL,
  `created_on` timestamp NOT NULL DEFAULT CURRENT_TIMESTAMP,
  `enabled` enum('1','2') NOT NULL DEFAULT '1' COMMENT '1-en,2-dis',
  PRIMARY KEY (`ots_id`),
  KEY `tech_id` (`ac_id`)
) ENGINE=InnoDB  DEFAULT CHARSET=latin1 AUTO_INCREMENT=4 ;

-- --------------------------------------------------------

--
-- Table structure for table `problem_type`
--

CREATE TABLE IF NOT EXISTS `problem_type` (
  `ac_problem_id` int(11) NOT NULL AUTO_INCREMENT,
  `ac_problem_type` varchar(100) NOT NULL,
  PRIMARY KEY (`ac_problem_id`)
) ENGINE=InnoDB  DEFAULT CHARSET=latin1 AUTO_INCREMENT=31 ;

--
-- Dumping data for table `problem_type`
--

INSERT INTO `problem_type` (`ac_problem_id`, `ac_problem_type`) VALUES
(1, 'No Cooling'),
(2, 'Gas Leakage'),
(3, 'Not working'),
(5, 'Compressor Problem'),
(6, 'Water Leakage'),
(7, 'Swing Not Working'),
(9, 'Swing Motor Problem'),
(10, 'Remote not working'),
(11, 'PCB Problem'),
(12, 'Wiring Problem'),
(13, 'Fan Capacitor problem'),
(14, 'Running Capacitor problem'),
(15, 'Problem with cooling coil sensor'),
(16, 'Condensor Problem'),
(17, 'IDU Body Damaged'),
(18, 'ODU-Fan Motor Problem'),
(19, 'IDU-Fan Motor Problem'),
(20, 'Cooling Coil Choked'),
(21, 'Condensor Coil Choked'),
(22, 'Electric Supply Problem'),
(23, 'Magnetic Contactor Problem'),
(24, 'Flaring Problem'),
(25, 'Drain Pipe Choked'),
(26, 'Leak in copper pipe'),
(27, 'Dry service request'),
(28, 'Wet service request.'),
(29, 'Wet & Dry service Request'),
(30, 'AC Service request');

-- --------------------------------------------------------

--
-- Table structure for table `referred_by`
--

CREATE TABLE IF NOT EXISTS `referred_by` (
  `referred_id` int(11) NOT NULL AUTO_INCREMENT,
  `name` varchar(50) NOT NULL,
  PRIMARY KEY (`referred_id`)
) ENGINE=InnoDB  DEFAULT CHARSET=latin1 AUTO_INCREMENT=27 ;

--
-- Dumping data for table `referred_by`
--

INSERT INTO `referred_by` (`referred_id`, `name`) VALUES
(3, 'Dealer'),
(6, 'Existing Customer'),
(7, 'Just Dial'),
(14, 'Web'),
(17, 'Direct Marketing'),
(18, 'Teamone Website'),
(19, 'Matrix'),
(21, 'Atul Electronics-Mulund'),
(22, 'Atul Electronics-Bhandup'),
(23, 'Architect'),
(24, 'Groupon'),
(25, 'Mahendra Jadhav-Architect'),
(26, 'Girish Rahumalani');

-- --------------------------------------------------------

--
-- Table structure for table `staff`
--

CREATE TABLE IF NOT EXISTS `staff` (
  `staff_id` int(11) NOT NULL AUTO_INCREMENT,
  `isAdmin` enum('y','n') NOT NULL,
  `first_name` varchar(50) NOT NULL,
  `last_name` varchar(50) NOT NULL,
  `email` varchar(100) NOT NULL,
  `password` varchar(150) NOT NULL,
  `mobile` varchar(15) NOT NULL,
  `address` varchar(100) NOT NULL,
  `branch` varchar(20) NOT NULL,
  `enabled` enum('1','2') NOT NULL DEFAULT '1' COMMENT '1-en,',
  PRIMARY KEY (`staff_id`),
  KEY `branch` (`branch`)
) ENGINE=InnoDB  DEFAULT CHARSET=latin1 AUTO_INCREMENT=2 ;

--
-- Dumping data for table `staff`
--

INSERT INTO `staff` (`staff_id`, `isAdmin`, `first_name`, `last_name`, `email`, `password`, `mobile`, `address`, `branch`, `enabled`) VALUES
(1, 'y', 'Girish', 'Rahumalani', 'admin', 'CRM2015', '', 'Ghatkopar', '2', '');

-- --------------------------------------------------------

--
-- Table structure for table `technician`
--

CREATE TABLE IF NOT EXISTS `technician` (
  `tech_id` int(11) NOT NULL AUTO_INCREMENT,
  `first_name` varchar(50) NOT NULL,
  `last_name` varchar(50) NOT NULL,
  `email` varchar(50) NOT NULL,
  `mobile` varchar(15) NOT NULL,
  `branch` varchar(20) NOT NULL,
  `address` varchar(100) NOT NULL,
  `enabled` enum('1','2','3') NOT NULL COMMENT '1-en,2-dis,3-del',
  PRIMARY KEY (`tech_id`),
  KEY `branch` (`branch`)
) ENGINE=InnoDB  DEFAULT CHARSET=latin1 AUTO_INCREMENT=53 ;

--
-- Dumping data for table `technician`
--

INSERT INTO `technician` (`tech_id`, `first_name`, `last_name`, `email`, `mobile`, `branch`, `address`, `enabled`) VALUES
(45, 'Niaz', 'Ansari', '', '8655071752', '1', 'Reay Road', '1'),
(46, 'Naushad', 'Ali', '', '9004447631', '1', 'Nalla Sopara West', '1'),
(48, 'Hamid', 'Shaikh', '', '9004447633', '1', 'Govandi', '1'),
(49, 'Mosian', 'Shaikh', '', '9004447632', '1', 'Govandi', '1'),
(50, 'Rafique', 'Mohammed', 'ar.rafiq@live.com', '8976288706', '1', 'k/b/6', '3'),
(51, 'Girish', 'Rahumalani', '', '9702011555', '1', 'Ghatkopar', '1'),
(52, 'Rafique', 'Mohammed', '', '7506409005', '1', 'Chembur', '1');

-- --------------------------------------------------------

--
-- Table structure for table `transaction_details`
--

CREATE TABLE IF NOT EXISTS `transaction_details` (
  `trans_id` int(11) NOT NULL AUTO_INCREMENT,
  `cust_id` int(11) NOT NULL,
  `amount` int(11) NOT NULL,
  `activation` date NOT NULL,
  `expiration` date NOT NULL,
  `status` enum('pending','success','error') NOT NULL,
  `remarks` varchar(100) NOT NULL,
  `created_on` timestamp NOT NULL DEFAULT CURRENT_TIMESTAMP,
  PRIMARY KEY (`trans_id`),
  KEY `cust_id` (`cust_id`)
) ENGINE=InnoDB DEFAULT CHARSET=latin1 AUTO_INCREMENT=1 ;

--
-- Constraints for dumped tables
--

--
-- Constraints for table `amc`
--
ALTER TABLE `amc`
  ADD CONSTRAINT `amc_ibfk_1` FOREIGN KEY (`ac_id`) REFERENCES `customer_ac_details` (`ac_id`) ON DELETE CASCADE ON UPDATE CASCADE;

--
-- Constraints for table `amc_service_date`
--
ALTER TABLE `amc_service_date`
  ADD CONSTRAINT `amc_service_date_ibfk_1` FOREIGN KEY (`amc_id`) REFERENCES `amc` (`amc_id`) ON DELETE CASCADE ON UPDATE CASCADE;

--
-- Constraints for table `assignment`
--
ALTER TABLE `assignment`
  ADD CONSTRAINT `assignment_ibfk_2` FOREIGN KEY (`ac_id`) REFERENCES `customer_ac_details` (`ac_id`) ON DELETE CASCADE ON UPDATE CASCADE;

--
-- Constraints for table `complaint`
--
ALTER TABLE `complaint`
  ADD CONSTRAINT `complaint_ibfk_1` FOREIGN KEY (`ac_id`) REFERENCES `customer_ac_details` (`ac_id`) ON DELETE CASCADE ON UPDATE CASCADE;

--
-- Constraints for table `customer_ac_details`
--
ALTER TABLE `customer_ac_details`
  ADD CONSTRAINT `customer_ac_details_ibfk_1` FOREIGN KEY (`cust_id`) REFERENCES `customer` (`cust_id`) ON DELETE CASCADE ON UPDATE CASCADE;

--
-- Constraints for table `installation`
--
ALTER TABLE `installation`
  ADD CONSTRAINT `installation_ibfk_1` FOREIGN KEY (`ac_id`) REFERENCES `customer_ac_details` (`ac_id`) ON DELETE CASCADE ON UPDATE CASCADE;

--
-- Constraints for table `install_service_date`
--
ALTER TABLE `install_service_date`
  ADD CONSTRAINT `install_service_date_ibfk_1` FOREIGN KEY (`install_id`) REFERENCES `installation` (`install_id`) ON DELETE CASCADE ON UPDATE CASCADE;

--
-- Constraints for table `one_time_service`
--
ALTER TABLE `one_time_service`
  ADD CONSTRAINT `one_time_service_ibfk_1` FOREIGN KEY (`ac_id`) REFERENCES `customer_ac_details` (`ac_id`) ON DELETE CASCADE ON UPDATE CASCADE;

/*!40101 SET CHARACTER_SET_CLIENT=@OLD_CHARACTER_SET_CLIENT */;
/*!40101 SET CHARACTER_SET_RESULTS=@OLD_CHARACTER_SET_RESULTS */;
/*!40101 SET COLLATION_CONNECTION=@OLD_COLLATION_CONNECTION */;
